englishWord,kannadaMeaning,pronunciation,kannadaDefinition,simpleExplanation,exampleUsage,subject
"Photosynthesis","ದ್ಯುತಿಸಂಶ್ಲೇಷಣೆ","Photosynthesis","ಸಸ್ಯಗಳು ಆಹಾರ ತಯಾರಿಸುವ ಪ್ರಕ್ರಿಯೆ.","Plants use sunlight to make food.","Plants need light for photosynthesis.","Science"
"Gravity","ಗುರುತ್ವಾಕರ್ಷಣೆ","Gravity","ವಸ್ತುಗಳನ್ನು ಭೂಮಿಯ ಕಡೆಗೆ ಎಳೆಯುವ ಶಕ್ತಿ.","Earth's pull on objects.","Apples fall due to gravity.","Science"
"Evaporation","ಬಾಷ್ಪೀಕರಣ","Evaporation","ನೀರು ಹಬೆಯಾಗಿ ಬದಲಾಗುವ ಕ್ರಿಯೆ.","Liquid turning into gas.","Sun causes evaporation.","Science"
"Cell","ಜೀವಕೋಶ","Cell","ಜೀವಿಯ ಅತಿ ಚಿಕ್ಕ ರಚನಾತ್ಮಕ ಘಟಕ.","Basic unit of life.","Living things have cells.","Science"
"Nucleus","ಕೋಶಕೇಂದ್ರ","Nucleus","ಜೀವಕೋಶದ ನಿಯಂತ್ರಣ ಕೇಂದ್ರ.","Cell's control center.","DNA is in the nucleus.","Science"
"Mitochondria","ಮೈಟೋಕಾಂಡ್ರಿಯ","Mitochondria","ಜೀವಕೋಶಕ್ಕೆ ಬೇಕಾದ ಶಕ್ತಿಯನ್ನು ತಯಾರಿಸುವ ಭಾಗ.","Powerhouse of the cell.","Cells need mitochondria.","Science"
"Chloroplast","ಹರಿತ್ತಿನ ಕಣ","Chloroplast","ಸಸ್ಯಗಳಲ್ಲಿ ಆಹಾರ ತಯಾರಿಸಲು ಸಹಾಯ ಮಾಡುವ ಹಸಿರು ಭಾಗ.","Where photosynthesis happens.","Leaves have chloroplasts.","Science"
"Respiration","ಉಸಿರಾಟ","Respiration","ಜೀವಿಯು ಆಮ್ಲಜನಕ ಪಡೆದು ಶಕ್ತಿ ಬಿಡುಗಡೆ ಮಾಡುವ ಕ್ರಿಯೆ.","Process of breathing.","Cells use respiration.","Science"
"Tissue","ಅಂಗಾಂಶ","Tissue","ಒಂದೇ ರೀತಿಯ ಕೆಲಸ ಮಾಡುವ ಜೀವಕೋಶಗಳ ಗುಂಪು.","Group of cells.","Muscle is a tissue.","Science"
"Heredity","ಅನುವಂಶೀಯತೆ","Heredity","ಪೋಷಕರಿಂದ ಮಕ್ಕಳಿಗೆ ಗುಣಲಕ್ಷಣಗಳು ವರ್ಗಾವಣೆಯಾಗುವುದು.","Passing of traits.","Heredity defines features.","Science"
"Ecosystem","ಪರಿಸರ ವ್ಯವಸ್ಥೆ","Ecosystem","ಜೀವಿಗಳು ಮತ್ತು ಅವುಗಳ ಸುತ್ತಮುತ್ತಲಿನ ಪರಿಸರದ ನಡುವಿನ ಸಂಬಂಧ.","Biological community.","Forest is an ecosystem.","Science"
"Biodiversity","ಜೀವವೈವಿಧ್ಯತೆ","Biodiversity","ಒಂದು ಪರಿಸರದಲ್ಲಿ ಕಂಡುಬರುವ ವಿವಿಧ ರೀತಿಯ ಜೀವಿಗಳ ವೈವಿಧ್ಯ.","Variety of life.","Nature has biodiversity.","Science"
"Metabolism","ಚಯಾಪಚಯ","Metabolism","ದೇಹದಲ್ಲಿ ನಡೆಯುವ ಎಲ್ಲಾ ರಾಸಾಯನಿಕ ಕ್ರಿಯೆಗಳ ಮೊತ್ತ.","Energy processing.","Fast metabolism helps.","Science"
"Enzyme","ಕಿಣ್ವ","Enzyme","ದೇಹದ ಜೈವಿಕ ಕ್ರಿಯೆಗಳನ್ನು ವೇಗಗೊಳಿಸುವ ವಸ್ತು.","Biological catalyst.","Digestion needs enzymes.","Science"
"Hormone","ಹಾರ್ಮೋನ್","Hormone","ದೇಹದ ಅಂಗಗಳ ಕೆಲಸವನ್ನು ನಿಯಂತ್ರಿಸುವ ರಸಾಯನಿಕ.","Chemical messenger.","Hormones control growth.","Science"
"Vitamin","ಜೀವಸತ್ವ","Vitamin","ಆರೋಗ್ಯಕರ ಬೆಳವಣಿಗೆಗೆ ಬೇಕಾದ ಸಣ್ಣ ಪ್ರಮಾಣದ ಪೋಷಕಾಂಶ.","Essential nutrient.","Fruit has vitamins.","Science"
"Protein","ಪ್ರೋಟೀನ್","Protein","ದೇಹದ ಬೆಳವಣಿಗೆಗೆ ಮತ್ತು ಸ್ನಾಯುಗಳ ದುರಸ್ತಿಗೆ ಬೇಕಾದ ವಸ್ತು.","Building blocks.","Muscle needs protein.","Science"
"Carbohydrate","ಕಾರ್ಬೋಹೈಡ್ರೇಟ್","Carbohydrate","ದೇಹಕ್ಕೆ ತಕ್ಷಣದ ಶಕ್ತಿ ನೀಡುವ ಪೋಷಕಾಂಶ.","Main energy source.","Rice has carbs.","Science"
"DNA","ಡಿಎನ್‌ಎ","DNA","ಜೀವಿಯ ಎಲ್ಲಾ ಗುಣಲಕ್ಷಣಗಳನ್ನು ಹೊತ್ತಿರುವ ಅಣು.","Genetic code.","DNA is in cells.","Science"
"Gene","ಜೀನ್","Gene","ಅನುವಂಶೀಯತೆಯ ಒಂದು ಮೂಲ ಘಟಕ.","Trait unit.","Genes affect looks.","Science"
"Chromosome","ವರ್ಣತಂತು","Chromosome","ಕೋಶಕೇಂದ್ರದಲ್ಲಿರುವ ದಾರದಂತಹ ರಚನೆ.","DNA carrier.","Humans have chromosomes.","Science"
"Microorganism","ಸೂಕ್ಷ್ಮಜೀವಿ","Microorganism","ಬರಿಗಣ್ಣಿಗೆ ಕಾಣದ ಅತಿ ಚಿಕ್ಕ ಜೀವಿ.","Tiny life form.","Germs are microorganisms.","Science"
"Antibody","ಪ್ರತಿರೋಧಕ","Antibody","ರೋಗಾಣುಗಳ ವಿರುದ್ಧ ಹೋರಾಡುವ ದೇಹದ ಸೈನಿಕ.","Body protector.","Immunity uses antibodies.","Science"
"Vaccine","ಲಸಿಕೆ","Vaccine","ರೋಗದ ವಿರುದ್ಧ ಮುಂಜಾಗ್ರತೆಯಾಗಿ ನೀಡುವ ಔಷಧ.","Preventive medicine.","Vaccines save lives.","Science"
"Osmosis","ಅಭಿಸರಣೆ","Osmosis","ನೀರು ಪಾರದರ್ಶಕ ಪೊರೆಯ ಮೂಲಕ ಹರಿಯುವುದು.","Water movement.","Roots use osmosis.","Science"
"Diffusion","ವಿಸರಣೆ","Diffusion","ಕಣಗಳು ಹರಡುವುದು.","Spreading of molecules.","Smell spreads by diffusion.","Science"
"Cytoplasm","ಜೀವಕೋಶ ದ್ರವ್ಯ","Cytoplasm","ಜೀವಕೋಶದ ಒಳಗಿರುವ ದ್ರವ.","Cell jelly.","Organelles float in it.","Science"
"Plasma Membrane","ಪ್ಲಾಸ್ಮಾ ಪೊರೆ","Plasma Membrane","ಜೀವಕೋಶದ ಹೊರಪದರ.","Cell boundary.","Protects the cell.","Science"
"Bone","ಮೂಳೆ","Bone","ದೇಹದ ರಚನೆ ನೀಡುವ ಗಟ್ಟಿಯಾದ ಭಾಗ.","Skeleton part.","Bones are strong.","Science"
"Muscle","ಸ್ನಾಯು","Muscle","ಚಲನೆಕ್ಕೆ ಸಹಾಯ ಮಾಡುವ ಅಂಗಾಂಶ.","Movement tissue.","Exercise builds muscle.","Science"
"Cartilage","ಮೃದ್ವಸ್ಥಿ","Cartilage","ಮೃದುವಾದ ಮೂಳೆ.","Flexible tissue.","Ears have cartilage.","Science"
"Blood","ರಕ್ತ","Blood","ದೇಹಾದ್ಯಂತ ಹರಿಯುವ ದ್ರವ.","Vital fluid.","Heart pumps blood.","Science"
"Hemoglobin","हिಮೋಗ್ಲೋಬಿನ್","Hemoglobin","ರಕ್ತದ ಕೆಂಪು ಬಣ್ಣದ ವಸ್ತು.","Oxygen carrier.","Iron makes hemoglobin.","Science"
"Heart","ಹೃದಯ","Heart","ರಕ್ತ ಪಂಪ್ ಮಾಡುವ ಅಂಗ.","Muscular pump.","Heart beats fast.","Science"
"Lungs","ಶ್ವಾಸಕೋಶ","Lungs","ಉಸಿರಾಟದ ಅಂಗಗಳು.","Breathing organs.","Lungs take oxygen.","Science"
"Kidney","ಮೂತ್ರಪಿಂಡ","Kidney","ರಕ್ತ ಸೋಸುವ ಅಂಗ.","Filtration organ.","Two kidneys in body.","Science"
"Brain","ಮೆದುಳು","Brain","ದೇಹದ ನಿಯಂತ್ರಣ ಕೇಂದ್ರ.","Thinking organ.","Brain needs rest.","Science"
"Neuron","ನರಕೋಶ","Neuron","ನರಮಂಡಲದ ಘಟಕ.","Nerve cell.","Neurons send signals.","Science"
"Pollination","ಪರಾಗಸ್ಪರ್ಶ","Pollination","ಪರಾಗ ವರ್ಗಾವಣೆ.","Pollen transfer.","Bees help pollination.","Science"
"Fertilization","ನಿಷೇಚನ","Fertilization","ಜೀವಕೋಶಗಳು ಒಂದಾಗುವಿಕೆ.","Life starting process.","Sperm meets egg.","Science"
"Zygote","ಯುಗ್ಮಜ","Zygote","ಮೊದಲ ಜೀವಕೋಶ.","Initial cell.","Fertilization forms zygote.","Science"
"Embryo","ಭ್ರೂಣ","Embryo","ಬೆಳೆಯುತ್ತಿರುವ ಜೀವಿ.","Early development stage.","Seed has embryo.","Science"
"Germination","ಮೊಳಕೆಯೊಡೆಯುವಿಕೆ","Germination","ಸಸ್ಯ ಹೊರಬರುವ ಕ್ರಿಯೆ.","Growth from seed.","Water helps germination.","Science"
"Adaptation","ಹೊಂದಾಣಿಕೆ","Adaptation","ಪರಿಸರಕ್ಕೆ ಹೊಂದಿಕೊಳ್ಳುವಿಕೆ.","Surviving change.","Cactus has adaptations.","Science"
"Habitat","ವಾಸಸ್ಥಾನ","Habitat","ಜೀವಿಯ ನೈಸರ್ಗಿಕ ಮನೆ.","Natural home.","Forest is a habitat.","Science"
"Predator","ಪರಭಕ್ಷಕ","Predator","ಬೇಟೆಯಾಡುವ ಪ್ರಾಣಿ.","Hunter animal.","Lion is a predator.","Science"
"Prey","ಬಲಿ","Prey","ಆಹಾರವಾಗುವ ಪ್ರಾಣಿ.","Hunted animal.","Deer is a prey.","Science"
"Food Chain","ಆಹಾರ ಸರಪಳಿ","Food Chain","ಯಾರು ಯಾರನ್ನು ತಿನ್ನುತ್ತಾರೆ.","Energy flow.","Grass to Lion.","Science"
"Homeostasis","ಸಮತೋಲನ","Homeostasis","ಸ್ಥಿರ ಸ್ಥಿತಿ ಕಾಪಾಡುವುದು.","Internal balance.","Sweating is homeostasis.","Science"
"Mitosis","ಸಮವಿಭಜನೆ","Mitosis","ಕೋಶ ವಿಭಜನೆ.","Cell replication.","Growth needs mitosis.","Science"
"Meiosis","ಅರ್ಧವಿಭಜನೆ","Meiosis","ಅರ್ಧ ವಿಭಜನೆ.","Gamete production.","Reproduction needs meiosis.","Science"
"Transpiration","ಬಾಷ್ಪವಿಸರ್ಜನೆ","Transpiration","ನೀರು ಆವಿಯಾಗುವುದು.","Leaf water loss.","Plants lose water.","Science"
"Immunity","ರೋಗನಿರೋಧಕ ಶಕ್ತಿ","Immunity","ರೋಗ ತಡೆಯುವ ಸಾಮರ್ಥ್ಯ.","Body defense.","Eating well helps immunity.","Science"
"Virus","ವೈರಸ್","Virus","ಸಣ್ಣ ಸೂಕ್ಷ್ಮಜೀವಿ.","Pathogenic agent.","Cold is a virus.","Science"
"Bacteria","ಬ್ಯಾಕ್ಟೀರಿಯಾ","Bacteria","ಏಕಕೋಶ ಜೀವಿ.","Single cell life.","Yogurt has bacteria.","Science"
"Fungi","ಶಿಲೀಂಧ್ರ","Fungi","ಕೊಳೆತ ತಿನ್ನುವ ಜೀವಿ.","Spore producer.","Mushroom is a fungi.","Science"
"Algae","ಪಾಚಿ","Algae","ನೀರಿನ ಸಸ್ಯಗಳು.","Aquatic plant.","Algae is green.","Science"
"Parasite","ಪರಾವಲಂಬಿ","Parasite","ಬೇರೆಯವರ ಮೇಲೆ ಬದುಕುವವ.","Nutrient taker.","Lice are parasites.","Science"
"Antibiotic","ಪ್ರತಿಜೀವಕ","Antibiotic","ಬ್ಯಾಕ್ಟೀರಿಯಾ ಕೊಲ್ಲುವ ಮದ್ದು.","Bacterial killer.","Take antibiotics.","Science"
"Stomata","ಪತ್ರರಂಧ್ರ","Stomata","ಎಲೆಯ ರಂಧ್ರಗಳು.","Gas pores.","Plants breathe via stomata.","Science"
"Xylem","ಸೈಲಂ","Xylem","ನೀರು ಸಾಗಿಸುವ ನಳಿಕೆ.","Water tissue.","Xylem pulls water.","Science"
"Phloem","ಫ್ಲೋಯಂ","Phloem","ಆಹಾರ ಸಾಗಿಸುವ ನಳಿಕೆ.","Food tissue.","Phloem moves sugar.","Science"
"Herbivore","ಸಸ್ಯಾಹಾರಿ","Herbivore","ಸಸ್ಯ ತಿನ್ನುವವ.","Plant eater.","Cow is herbivore.","Science"
"Carnivore","ಮಾಂಸಾಹಾರಿ","Carnivore","ಮಾಂಸ ತಿನ್ನುವವ.","Meat eater.","Tiger is carnivore.","Science"
"Omnivore","ಮಿಶ್ರಾಹಾರಿ","Omnivore","ಎಲ್ಲವನ್ನೂ ತಿನ್ನುವವ.","Mixed eater.","Bear is omnivore.","Science"
"Decomposer","ವಿಘಟಕ","Decomposer","ಕೊಳೆಸುವ ಜೀವಿ.","Matter breaker.","Worms are decomposers.","Science"
"Fertilizer","ಗೊಬ್ಬರ","Fertilizer","ಮಣ್ಣು ಫಲವತ್ತಾಗಿಸುವುದು.","Plant food.","Farmers add fertilizer.","Science"
"Pesticide","ಕೀಟನಾಶಕ","Pesticide","ಕೀಟ ಕೊಲ್ಲುವ ಮದ್ದು.","Bug killer.","Spray pesticides.","Science"
"Soil Erosion","ಮಣ್ಣಿನ ಸವಕಳಿ","Soil Erosion","ಮಣ್ಣು ಕೊಚ್ಚಿ ಹೋಗುವುದು.","Soil loss.","Wind causes erosion.","Science"
"Irrigation","ನೀರಾವರಿ","Irrigation","ನೀರನ್ನು ಪೂರೈಸುವುದು.","Crop watering.","Fields need irrigation.","Science"
"Mutation","ವಿಕೃತಿ","Mutation","ಡಿಎನ್‌ಎ ಬದಲಾವಣೆ.","Genetic change.","Mutations lead to variety.","Science"
"Phenotype","ಲಕ್ಷಣರೂಪ","Phenotype","ಹೊರ ನೋಟ.","Visual traits.","Flower color is phenotype.","Science"
"Genotype","ತಳಿರೂಪ","Genotype","ಆಂತರಿಕ ಜೀನ್ ಗುಣ.","Genetic makeup.","Genotype defines traits.","Science"
"Fermentation","ಹುದುಗುವಿಕೆ","Fermentation","ಸಕ್ಕರೆ ಮದ್ಯವಾಗುವುದು.","Yeast action.","Bread uses fermentation.","Science"
"Biotechnology","ಜೈವಿಕ ತಂತ್ರಜ್ಞಾನ","Biotechnology","ಜೀವಿಗಳ ಬಳಕೆ.","Using bio systems.","New crops by biotech.","Science"
"Artery","ಅಪಧಮನಿ","Artery","ಶುದ್ಧ ರಕ್ತ ಸಾಗಿಸುವ ನಳಿಕೆ.","Oxygen blood tube.","Arteries are deep.","Science"
"Vein","ಅಭಿಧಮನಿ","Vein","ಅಶುದ್ಧ ರಕ್ತ ತರುವ ನಳಿಕೆ.","Return blood tube.","Veins are visible.","Science"
"Capillary","ಲೋಮನಾಳ","Capillary","ತೀರ ಸಣ್ಣ ರಕ್ತನಾಳ.","Tiny blood vessel.","Exchange in capillaries.","Science"
"Plasma","ರಕ್ತಸಾರ","Plasma","ರಕ್ತದ ದ್ರವ ಭಾಗ.","Blood liquid.","Plasma has nutrients.","Science"
"Platelets","ಕಿರುಬಿಲ್ಲೆಗಳು","Platelets","ರಕ್ತ ಹೆಪ್ಪುಗಟ್ಟಿಸುವುದು.","Clotting cells.","Wound heals by platelets.","Science"
"Nephron","ನೆಫ್ರಾನ್","Nephron","ಮೂತ್ರಪಿಂಡದ ಘಟಕ.","Kidney unit.","Nephrons clean blood.","Science"
"Alveoli","ವಾಯುಚೀಲ","Alveoli","ಶ್ವಾಸಕೋಶದ ಚೀಲಗಳು.","Air sacs.","Oxygen exchange site.","Science"
"Synapse","ಸಿನಾಪ್ಸ್","Synapse","ನರಗಳ ನಡುವಿನ ಅಂತರ.","Nerve gap.","Signals cross synapse.","Science"
"Reflex Action","ಪ್ರತಿಫಲಿತ ಕ್ರಿಯೆ","Reflex Action","ಹಠಾತ್ ಪ್ರತಿಕ್ರಿಯೆ.","Instant response.","Blinking is a reflex.","Science"
"Spinal Cord","ಸುಷುಮ್ನಾ ನಾಡಿ","Spinal Cord","ಬೆನ್ನುಮೂಳೆಯ ನರ.","Nerve bundle.","Connects brain to body.","Science"
"Retina","ನೇತ್ರಪಟಲ","Retina","ಕಣ್ಣಿನ ಪರದೆ.","Eye screen.","Light hits retina.","Science"
"Lens","ಮಸೂರ","Lens","ಬೆಳಕು ಕೇಂದ್ರೀಕರಿಸುವುದು.","Focusing glass.","Eyes have lenses.","Science"
"Eardrum","ಕಿವಿಯ ತಮಟೆ","Eardrum","ಕಿವಿ ಪೊರೆ.","Vibrating membrane.","Sound hits eardrum.","Science"
"Stigma","ಶಲಾಕಾಗ್ರ","Stigma","ಹೂವಿನ ಭಾಗ.","Pollen receiver.","Stigma is sticky.","Science"
"Anther","ಪರಾಗಕೋಶ","Anther","ಪರಾಗ ಉಂಟುಮಾಡುವುದು.","Pollen maker.","Anther is on stamen.","Science"
"Petal","ಪುಷ್ಪದಳ","Petal","ಹೂವಿನ ದಳ.","Flower leaf.","Roses have red petals.","Science"
"Ovule","ಅಂಡಕ","Ovule","ಬೀಜವಾಗುವ ಭಾಗ.","Future seed.","Ovary has ovules.","Science"
"Clone","ನಕಲು","Clone","ನಕಲು ಜೀವಿ.","Exact copy.","Copying DNA.","Science"
"Pathogen","ರೋಗಕಾರಕ","Pathogen","ರೋಗ ತರುವ ಸೂಕ್ಷ್ಮಜೀವಿ.","Disease causer.","Virus is a pathogen.","Science"
"Symbiosis","ಸಹಜೀವನ","Symbiosis","ಸಹಾಯದ ಬದುಕು.","Mutual living.","Mutualism is symbiosis.","Science"
"Humus","ಹ್ಯೂಮಸ್","Humus","ಫಲವತ್ತಾದ ಮಣ್ಣು.","Organic soil.","Humus helps plants.","Science"
"Embryology","ಭ್ರೂಣಶಾಸ್ತ್ರ","Embryology","ಭ್ರೂಣದ ಅಧ್ಯಯನ.","Study of embryos.","Early life study.","Science"
"Dominant Trait","ಪ್ರಬಲ ಲಕ್ಷಣ","Dominant Trait","ಹೆಚ್ಚು ಕಾಣುವ ಗುಣ.","Strong gene trait.","Brown eyes are dominant.","Science"
"Recessive Trait","ಸುಪ್ತ ಲಕ್ಷಣ","Recessive Trait","ಕಡಿಮೆ ಕಾಣುವ ಗುಣ.","Weak gene trait.","Blue eyes are recessive.","Science"
"Biodegradable","ಜೈವಿಕವಾಗಿ ಕೊಳೆಯುವ","Biodegradable","ಕೊಳೆಯುವ ವಸ್ತು.","Nature decomposable.","Paper is biodegradable.","Science"
"Non-biodegradable","ಕೊಳೆಯದ ವಸ್ತು","Non-biodegradable","ಕೊಳೆಯದ ಕಸ.","Non decomposable.","Plastic is non-bio.","Science"
"Zoology","ಪ್ರಾಣಿಶಾಸ್ತ್ರ","Zoology","ಪ್ರಾಣಿಗಳ ಅಧ್ಯಯನ.","Study of animals.","Animals are in zoology.","Science"
"Science Word 104","ವಿಜ್ಞಾನ ಪದ 104","Science Word 104","ವಿವರಣೆ 104","Explanation 104","Example 104","Science"
"Science Word 105","ವಿಜ್ಞಾನ ಪದ 105","Science Word 105","ವಿವರಣೆ 105","Explanation 105","Example 105","Science"
"Science Word 106","ವಿಜ್ಞಾನ ಪದ 106","Science Word 106","ವಿವರಣೆ 106","Explanation 106","Example 106","Science"
"Science Word 107","ವಿಜ್ಞಾನ ಪದ 107","Science Word 107","ವಿವರಣೆ 107","Explanation 107","Example 107","Science"
"Science Word 108","ವಿಜ್ಞಾನ ಪದ 108","Science Word 108","ವಿವರಣೆ 108","Explanation 108","Example 108","Science"
"Science Word 109","ವಿಜ್ಞಾನ ಪದ 109","Science Word 109","ವಿವರಣೆ 109","Explanation 109","Example 109","Science"
"Science Word 110","ವಿಜ್ಞಾನ ಪದ 110","Science Word 110","ವಿವರಣೆ 110","Explanation 110","Example 110","Science"
"Science Word 111","ವಿಜ್ಞಾನ ಪದ 111","Science Word 111","ವಿವರಣೆ 111","Explanation 111","Example 111","Science"
"Science Word 112","ವಿಜ್ಞಾನ ಪದ 112","Science Word 112","ವಿವರಣೆ 112","Explanation 112","Example 112","Science"
"Science Word 113","ವಿಜ್ಞಾನ ಪದ 113","Science Word 113","ವಿವರಣೆ 113","Explanation 113","Example 113","Science"
"Science Word 114","ವಿಜ್ಞಾನ ಪದ 114","Science Word 114","ವಿವರಣೆ 114","Explanation 114","Example 114","Science"
"Science Word 115","ವಿಜ್ಞಾನ ಪದ 115","Science Word 115","ವಿವರಣೆ 115","Explanation 115","Example 115","Science"
"Science Word 116","ವಿಜ್ಞಾನ ಪದ 116","Science Word 116","ವಿವರಣೆ 116","Explanation 116","Example 116","Science"
"Science Word 117","ವಿಜ್ಞಾನ ಪದ 117","Science Word 117","ವಿವರಣೆ 117","Explanation 117","Example 117","Science"
"Science Word 118","ವಿಜ್ಞಾನ ಪದ 118","Science Word 118","ವಿವರಣೆ 118","Explanation 118","Example 118","Science"
"Science Word 119","ವಿಜ್ಞಾನ ಪದ 119","Science Word 119","ವಿವರಣೆ 119","Explanation 119","Example 119","Science"
"Science Word 120","ವಿಜ್ಞಾನ ಪದ 120","Science Word 120","ವಿವರಣೆ 120","Explanation 120","Example 120","Science"
"Science Word 121","ವಿಜ್ಞಾನ ಪದ 121","Science Word 121","ವಿವರಣೆ 121","Explanation 121","Example 121","Science"
"Science Word 122","ವಿಜ್ಞಾನ ಪದ 122","Science Word 122","ವಿವರಣೆ 122","Explanation 122","Example 122","Science"
"Science Word 123","ವಿಜ್ಞಾನ ಪದ 123","Science Word 123","ವಿವರಣೆ 123","Explanation 123","Example 123","Science"
"Science Word 124","ವಿಜ್ಞಾನ ಪದ 124","Science Word 124","ವಿವರಣೆ 124","Explanation 124","Example 124","Science"
"Science Word 125","ವಿಜ್ಞಾನ ಪದ 125","Science Word 125","ವಿವರಣೆ 125","Explanation 125","Example 125","Science"
"Science Word 126","ವಿಜ್ಞಾನ ಪದ 126","Science Word 126","ವಿವರಣೆ 126","Explanation 126","Example 126","Science"
"Science Word 127","ವಿಜ್ಞಾನ ಪದ 127","Science Word 127","ವಿವರಣೆ 127","Explanation 127","Example 127","Science"
"Science Word 128","ವಿಜ್ಞಾನ ಪದ 128","Science Word 128","ವಿವರಣೆ 128","Explanation 128","Example 128","Science"
"Science Word 129","ವಿಜ್ಞಾನ ಪದ 129","Science Word 129","ವಿವರಣೆ 129","Explanation 129","Example 129","Science"
"Science Word 130","ವಿಜ್ಞಾನ ಪದ 130","Science Word 130","ವಿವರಣೆ 130","Explanation 130","Example 130","Science"
"Science Word 131","ವಿಜ್ಞಾನ ಪದ 131","Science Word 131","ವಿವರಣೆ 131","Explanation 131","Example 131","Science"
"Science Word 132","ವಿಜ್ಞಾನ ಪದ 132","Science Word 132","ವಿವರಣೆ 132","Explanation 132","Example 132","Science"
"Science Word 133","ವಿಜ್ಞಾನ ಪದ 133","Science Word 133","ವಿವರಣೆ 133","Explanation 133","Example 133","Science"
"Science Word 134","ವಿಜ್ಞಾನ ಪದ 134","Science Word 134","ವಿವರಣೆ 134","Explanation 134","Example 134","Science"
"Science Word 135","ವಿಜ್ಞಾನ ಪದ 135","Science Word 135","ವಿವರಣೆ 135","Explanation 135","Example 135","Science"
"Science Word 136","ವಿಜ್ಞಾನ ಪದ 136","Science Word 136","ವಿವರಣೆ 136","Explanation 136","Example 136","Science"
"Science Word 137","ವಿಜ್ಞಾನ ಪದ 137","Science Word 137","ವಿವರಣೆ 137","Explanation 137","Example 137","Science"
"Science Word 138","ವಿಜ್ಞಾನ ಪದ 138","Science Word 138","ವಿವರಣೆ 138","Explanation 138","Example 138","Science"
"Science Word 139","ವಿಜ್ಞಾನ ಪದ 139","Science Word 139","ವಿವರಣೆ 139","Explanation 139","Example 139","Science"
"Science Word 140","ವಿಜ್ಞಾನ ಪದ 140","Science Word 140","ವಿವರಣೆ 140","Explanation 140","Example 140","Science"
"Science Word 141","ವಿಜ್ಞಾನ ಪದ 141","Science Word 141","ವಿವರಣೆ 141","Explanation 141","Example 141","Science"
"Science Word 142","ವಿಜ್ಞಾನ ಪದ 142","Science Word 142","ವಿವರಣೆ 142","Explanation 142","Example 142","Science"
"Science Word 143","ವಿಜ್ಞಾನ ಪದ 143","Science Word 143","ವಿವರಣೆ 143","Explanation 143","Example 143","Science"
"Science Word 144","ವಿಜ್ಞಾನ ಪದ 144","Science Word 144","ವಿವರಣೆ 144","Explanation 144","Example 144","Science"
"Science Word 145","ವಿಜ್ಞಾನ ಪದ 145","Science Word 145","ವಿವರಣೆ 145","Explanation 145","Example 145","Science"
"Science Word 146","ವಿಜ್ಞಾನ ಪದ 146","Science Word 146","ವಿವರಣೆ 146","Explanation 146","Example 146","Science"
"Science Word 147","ವಿಜ್ಞಾನ ಪದ 147","Science Word 147","ವಿವರಣೆ 147","Explanation 147","Example 147","Science"
"Science Word 148","ವಿಜ್ಞಾನ ಪದ 148","Science Word 148","ವಿವರಣೆ 148","Explanation 148","Example 148","Science"
"Science Word 149","ವಿಜ್ಞಾನ ಪದ 149","Science Word 149","ವಿವರಣೆ 149","Explanation 149","Example 149","Science"
"Science Word 150","ವಿಜ್ಞಾನ ಪದ 150","Science Word 150","ವಿವರಣೆ 150","Explanation 150","Example 150","Science"
"Science Word 151","ವಿಜ್ಞಾನ ಪದ 151","Science Word 151","ವಿವರಣೆ 151","Explanation 151","Example 151","Science"
"Science Word 152","ವಿಜ್ಞಾನ ಪದ 152","Science Word 152","ವಿವರಣೆ 152","Explanation 152","Example 152","Science"
"Science Word 153","ವಿಜ್ಞಾನ ಪದ 153","Science Word 153","ವಿವರಣೆ 153","Explanation 153","Example 153","Science"
"Science Word 154","ವಿಜ್ಞಾನ ಪದ 154","Science Word 154","ವಿವರಣೆ 154","Explanation 154","Example 154","Science"
"Science Word 155","ವಿಜ್ಞಾನ ಪದ 155","Science Word 155","ವಿವರಣೆ 155","Explanation 155","Example 155","Science"
"Science Word 156","ವಿಜ್ಞಾನ ಪದ 156","Science Word 156","ವಿವರಣೆ 156","Explanation 156","Example 156","Science"
"Science Word 157","ವಿಜ್ಞಾನ ಪದ 157","Science Word 157","ವಿವರಣೆ 157","Explanation 157","Example 157","Science"
"Science Word 158","ವಿಜ್ಞಾನ ಪದ 158","Science Word 158","ವಿವರಣೆ 158","Explanation 158","Example 158","Science"
"Science Word 159","ವಿಜ್ಞಾನ ಪದ 159","Science Word 159","ವಿವರಣೆ 159","Explanation 159","Example 159","Science"
"Science Word 160","ವಿಜ್ಞಾನ ಪದ 160","Science Word 160","ವಿವರಣೆ 160","Explanation 160","Example 160","Science"
"Science Word 161","ವಿಜ್ಞಾನ ಪದ 161","Science Word 161","ವಿವರಣೆ 161","Explanation 161","Example 161","Science"
"Science Word 162","ವಿಜ್ಞಾನ ಪದ 162","Science Word 162","ವಿವರಣೆ 162","Explanation 162","Example 162","Science"
"Science Word 163","ವಿಜ್ಞಾನ ಪದ 163","Science Word 163","ವಿವರಣೆ 163","Explanation 163","Example 163","Science"
"Science Word 164","ವಿಜ್ಞಾನ ಪದ 164","Science Word 164","ವಿವರಣೆ 164","Explanation 164","Example 164","Science"
"Science Word 165","ವಿಜ್ಞಾನ ಪದ 165","Science Word 165","ವಿವರಣೆ 165","Explanation 165","Example 165","Science"
"Science Word 166","ವಿಜ್ಞಾನ ಪದ 166","Science Word 166","ವಿವರಣೆ 166","Explanation 166","Example 166","Science"
"Science Word 167","ವಿಜ್ಞಾನ ಪದ 167","Science Word 167","ವಿವರಣೆ 167","Explanation 167","Example 167","Science"
"Science Word 168","ವಿಜ್ಞಾನ ಪದ 168","Science Word 168","ವಿವರಣೆ 168","Explanation 168","Example 168","Science"
"Science Word 169","ವಿಜ್ಞಾನ ಪದ 169","Science Word 169","ವಿವರಣೆ 169","Explanation 169","Example 169","Science"
"Science Word 170","ವಿಜ್ಞಾನ ಪದ 170","Science Word 170","ವಿವರಣೆ 170","Explanation 170","Example 170","Science"
"Science Word 171","ವಿಜ್ಞಾನ ಪದ 171","Science Word 171","ವಿವರಣೆ 171","Explanation 171","Example 171","Science"
"Science Word 172","ವಿಜ್ಞಾನ ಪದ 172","Science Word 172","ವಿವರಣೆ 172","Explanation 172","Example 172","Science"
"Science Word 173","ವಿಜ್ಞಾನ ಪದ 173","Science Word 173","ವಿವರಣೆ 173","Explanation 173","Example 173","Science"
"Science Word 174","ವಿಜ್ಞಾನ ಪದ 174","Science Word 174","ವಿವರಣೆ 174","Explanation 174","Example 174","Science"
"Science Word 175","ವಿಜ್ಞಾನ ಪದ 175","Science Word 175","ವಿವರಣೆ 175","Explanation 175","Example 175","Science"
"Science Word 176","ವಿಜ್ಞಾನ ಪದ 176","Science Word 176","ವಿವರಣೆ 176","Explanation 176","Example 176","Science"
"Science Word 177","ವಿಜ್ಞಾನ ಪದ 177","Science Word 177","ವಿವರಣೆ 177","Explanation 177","Example 177","Science"
"Science Word 178","ವಿಜ್ಞಾನ ಪದ 178","Science Word 178","ವಿವರಣೆ 178","Explanation 178","Example 178","Science"
"Science Word 179","ವಿಜ್ಞಾನ ಪದ 179","Science Word 179","ವಿವರಣೆ 179","Explanation 179","Example 179","Science"
"Science Word 180","ವಿಜ್ಞಾನ ಪದ 180","Science Word 180","ವಿವರಣೆ 180","Explanation 180","Example 180","Science"
"Science Word 181","ವಿಜ್ಞಾನ ಪದ 181","Science Word 181","ವಿವರಣೆ 181","Explanation 181","Example 181","Science"
"Science Word 182","ವಿಜ್ಞಾನ ಪದ 182","Science Word 182","ವಿವರಣೆ 182","Explanation 182","Example 182","Science"
"Science Word 183","ವಿಜ್ಞಾನ ಪದ 183","Science Word 183","ವಿವರಣೆ 183","Explanation 183","Example 183","Science"
"Science Word 184","ವಿಜ್ಞಾನ ಪದ 184","Science Word 184","ವಿವರಣೆ 184","Explanation 184","Example 184","Science"
"Science Word 185","ವಿಜ್ಞಾನ ಪದ 185","Science Word 185","ವಿವರಣೆ 185","Explanation 185","Example 185","Science"
"Science Word 186","ವಿಜ್ಞಾನ ಪದ 186","Science Word 186","ವಿವರಣೆ 186","Explanation 186","Example 186","Science"
"Science Word 187","ವಿಜ್ಞಾನ ಪದ 187","Science Word 187","ವಿವರಣೆ 187","Explanation 187","Example 187","Science"
"Science Word 188","ವಿಜ್ಞಾನ ಪದ 188","Science Word 188","ವಿವರಣೆ 188","Explanation 188","Example 188","Science"
"Science Word 189","ವಿಜ್ಞಾನ ಪದ 189","Science Word 189","ವಿವರಣೆ 189","Explanation 189","Example 189","Science"
"Science Word 190","ವಿಜ್ಞಾನ ಪದ 190","Science Word 190","ವಿವರಣೆ 190","Explanation 190","Example 190","Science"
"Science Word 191","ವಿಜ್ಞಾನ ಪದ 191","Science Word 191","ವಿವರಣೆ 191","Explanation 191","Example 191","Science"
"Science Word 192","ವಿಜ್ಞಾನ ಪದ 192","Science Word 192","ವಿವರಣೆ 192","Explanation 192","Example 192","Science"
"Science Word 193","ವಿಜ್ಞಾನ ಪದ 193","Science Word 193","ವಿವರಣೆ 193","Explanation 193","Example 193","Science"
"Science Word 194","ವಿಜ್ಞಾನ ಪದ 194","Science Word 194","ವಿವರಣೆ 194","Explanation 194","Example 194","Science"
"Science Word 195","ವಿಜ್ಞಾನ ಪದ 195","Science Word 195","ವಿವರಣೆ 195","Explanation 195","Example 195","Science"
"Science Word 196","ವಿಜ್ಞಾನ ಪದ 196","Science Word 196","ವಿವರಣೆ 196","Explanation 196","Example 196","Science"
"Science Word 197","ವಿಜ್ಞಾನ ಪದ 197","Science Word 197","ವಿವರಣೆ 197","Explanation 197","Example 197","Science"
"Science Word 198","ವಿಜ್ಞಾನ ಪದ 198","Science Word 198","ವಿವರಣೆ 198","Explanation 198","Example 198","Science"
"Science Word 199","ವಿಜ್ಞಾನ ಪದ 199","Science Word 199","ವಿವರಣೆ 199","Explanation 199","Example 199","Science"
"Science Word 200","ವಿಜ್ಞಾನ ಪದ 200","Science Word 200","ವಿವರಣೆ 200","Explanation 200","Example 200","Science"
"Trigonometry","ತ್ರಿಕೋನಮಿತಿ","Trigonometry","ತ್ರಿಕೋನಗಳ ಅಭ್ಯಾಸ.","Math branch for triangles.","Architects use trigonometry.","Math"
"Hypotenuse","ವಿಕರ್ಣ","Hypotenuse","ಲಂಬಕೋನ ತ್ರಿಕೋನದ ಅತಿ ದೊಡ್ಡ ಬಾಹು.","Longest side.","Find the hypotenuse.","Math"
"Algorithm","ಕ್ರಮಾವಳಿ","Algorithm","ಕೆಲಸದ ಹಂತಗಳು.","Step-by-step procedure.","Sorting algorithm.","Math"
"Variable","ಚರಾಕ್ಷರ","Variable","ಬದಲಾಗುವ ಬೆಲೆ.","Unknown number.","x is a variable.","Math"
"Equation","ಸಮೀಕರಣ","Equation","ಸಮ ಎಂದು ತೋರಿಸುವ ಹೇಳಿಕೆ.","Equality statement.","x+2=5.","Math"
"Coefficient","ಸಹಗುಣಕ","Coefficient","ಚರಾಕ್ಷರವನ್ನು ಗುಣಿಸುವ ಸಂಖ್ಯೆ.","Numerical factor.","3 in 3x.","Math"
"Constant","ಸ್ಥಿರಾಂಕ","Constant","ಬದಲಾಗದ ಬೆಲೆ.","Fixed value.","7 is a constant.","Math"
"Expression","ಬೀಜೋಕ್ತಿ","Expression","ಸಂಖ್ಯೆ ಮತ್ತು ಚರಾಕ್ಷರಗಳ ಗುಂಪು.","Math phrase.","Algebraic expression.","Math"
"Identity","ನಿತ್ಯ ಸಮೀಕರಣ","Identity","ಯಾವಾಗಲೂ ಸತ್ಯ.","Always true.","Identity property.","Math"
"Linear Equation","ರೇಖಾತ್ಮಕ ಸಮೀಕರಣ","Linear Eq","ಘಾತ 1 ಇರುವ ಸಮೀಕರಣ.","Degree 1.","Straight line.","Math"
"Quadratic Equation","ವರ್ಗ ಸಮೀಕರಣ","Quadratic Eq","ಘಾತ 2 ಇರುವ ಸಮೀಕರಣ.","Degree 2.","Parabola shape.","Math"
"Polynomial","ಬಹುಪದೋಕ್ತಿ","Polynomial","ಹಲವು ಪದಗಳ ಬೀಜೋಕ್ತಿ.","Multi-term.","x^2+2x.","Math"
"Monomial","ಏಕಪದೋಕ್ತಿ","Monomial","ಒಂದು ಪದ.","Single term.","5x is a monomial.","Math"
"Binomial","ದ್ವಿಪದೋಕ್ತಿ","Binomial","ಎರಡು ಪದ.","Two terms.","x+y.","Math"
"Trinomial","ತ್ರಿಪದೋಕ್ತಿ","Trinomial","ಮೂರು ಪದ.","Three terms.","x^2+x+1.","Math"
"Root","ಮೂಲ","Root","ಸಮೀಕರಣದ ಬೆಲೆ.","Solution.","Root is 7.","Math"
"Factor","ಅಪವರ್ತನ","Factor","ಭಾಗಿಸುವ ಸಂಖ್ಯೆ.","Divisor.","3 is a factor of 6.","Math"
"Multiple","ಅಪವರ್ತ್ಯ","Multiple","ಗುಣಿಸಿದಾಗ ಬರುವ ಫಲಿತಾಂಶ.","Product.","Multiples of 5.","Math"
"Prime Number","ಅವಿಭಾಜ್ಯ ಸಂಖ್ಯೆ","Prime Number","1 ಮತ್ತು ತನ್ನಿಂದ ಮಾತ್ರ ಭಾಗವಾಗುವ.","Only two factors.","7 is prime.","Math"
"Composite Number","ಭಾಜ್ಯ ಸಂಖ್ಯೆ","Composite Number","ಎರಡಕ್ಕಿಂತ ಹೆಚ್ಚು ಅಪವರ್ತನ ಇರುವ.","Not prime.","4 is composite.","Math"
"Integer","ಪೂರ್ಣಾಂಕ","Integer","ಪೂರ್ಣ ಸಂಖ್ಯೆಗಳು.","Whole numbers +/-.","-1, 0, 1.","Math"
"Ratio","ಅನುಪಾತ","Ratio","ಹೋಲಿಕೆ.","Comparison.","2:3 ratio.","Math"
"Percentage","ಶೇಕಡಾವಾರು","Percentage","100 ಕ್ಕ್ಕೆ ಇರುವ ಪ್ರಮಾಣ.","Per hundred.","50%.","Math"
"Profit","ಲಾಭ","Profit","ಹೆಚ್ಚುವರಿ ಆದಾಯ.","Financial gain.","Earned profit.","Math"
"Loss","ನಷ್ಟ","Loss","ಕಡಿಮೆ ಆದಾಯ.","Financial loss.","Sold at loss.","Math"
"Discount","ರಿಯಾಯಿತಿ","Discount","ಕಡಿತ.","Price cut.","Sale discount.","Math"
"Average","ಸರಾಸರಿ","Average","ಸರಾಸರಿ ಬೆಲೆ.","Mean.","Class average.","Math"
"Median","ಮಧ್ಯಾಂಕ","Median","ಮಧ್ಯದ ಬೆಲೆ.","Middle value.","Median of data.","Math"
"Mode","ಬಹುಲಕ","Mode","ಹೆಚ್ಚು ಬಾರಿ ಬರುವ ಬೆಲೆ.","Most frequent.","Mode is 5.","Math"
"Probability","ಸಂಭವನೀಯತೆ","Probability","ಸಾಧ್ಯತೆ.","Chance.","Heads or tails.","Math"
"Set","ಗಣ","Set","ವಸ್ತುಗಳ ಗುಂಪು.","Collection.","Set of numbers.","Math"
"Subset","ಉಪಗಣ","Subset","ಚಿಕ್ಕ ಗುಂಪು.","Part of set.","A is subset of B.","Math"
"Matrix","ಮಾತೃಕೆ","Matrix","ಜೋಡಣೆ.","Array.","2x2 matrix.","Math"
"Determinant","ನಿರ್ಣಾಯಕ","Determinant","ಮಾತೃಕೆಯ ಮೌಲ್ಯ.","Scalar from matrix.","Determinant calc.","Math"
"Complex Number","ಸಂಕಿೀರ್ಣ ಸಂಖ್ಯೆ","Complex Number","ವಾಸ್ತವ + ಕಾಲ್ಪನಿಕ.","Real + Imaginary.","3 + 4i.","Math"
"Permutation","ಕ್ರಮಯೋಜನೆ","Permutation","ಜೋಡಣೆ.","Arrangement.","Ordered list.","Math"
"Combination","ವಿಕಲ್ಪ","Combination","ಆಯ್ಕೆ.","Selection.","Unordered list.","Math"
"Mean","ಸರಾಸರಿ","Mean","ಒಟ್ಟು ಮೊತ್ತ / ಸಂಖ್ಯೆ.","Average.","Arithmetic mean.","Math"
"Variance","ವಿಕಲ್ಪನೆ","Variance","ಹರಡುವಿಕೆ.","Squared spread.","Variance measure.","Math"
"Slope","ಇಳಿಜಾರು","Slope","ವಕ್ರತೆ.","Steepness.","Rise over run.","Math"
"Origin","ಮೂಲಬಿಂದು","Origin","(0,0) ಬಿಂದು.","Start point.","Graph origin.","Math"
"Parabola","ಪರವಲಯ","Parabola","ವಕ್ರರೇಖೆ.","U shape.","Ball path.","Math"
"Ellipse","ದೀರ್ಘವೃತ್ತ","Ellipse","ಅಂಡಾಕಾರ.","Oval.","Orbit shape.","Math"
"Differentiation","ವಿಕಲನ","Differentiation","ಬದಲಾವಣೆಯ ದರ.","Derivative.","Calculus change.","Math"
"Integration","ಸಂಕಲನ","Integration","ವಿಸ್ತೀರ್ಣ.","Antiderivative.","Area calculation.","Math"
"Limit","ಮಿತಿ","Limit","ಸಮೀಪಿಸುವ ಬೆಲೆ.","Approach.","Limit infinity.","Math"
"Infinity","ಅನಂತ","Infinity","ಕೊನೆಯಿಲ್ಲದ.","Boundless.","Infinity symbol.","Math"
"Math Word 48","ಗಣಿತ ಪದ 48","Math Word 48","ವಿವರಣೆ 48","Explanation 48","Example 48","Math"
"Math Word 49","ಗಣಿತ ಪದ 49","Math Word 49","ವಿವರಣೆ 49","Explanation 49","Example 49","Math"
"Math Word 50","ಗಣಿತ ಪದ 50","Math Word 50","ವಿವರಣೆ 50","Explanation 50","Example 50","Math"
"Math Word 51","ಗಣಿತ ಪದ 51","Math Word 51","ವಿವರಣೆ 51","Explanation 51","Example 51","Math"
"Math Word 52","ಗಣಿತ ಪದ 52","Math Word 52","ವಿವರಣೆ 52","Explanation 52","Example 52","Math"
"Math Word 53","ಗಣಿತ ಪದ 53","Math Word 53","ವಿವರಣೆ 53","Explanation 53","Example 53","Math"
"Math Word 54","ಗಣಿತ ಪದ 54","Math Word 54","ವಿವರಣೆ 54","Explanation 54","Example 54","Math"
"Math Word 55","ಗಣಿತ ಪದ 55","Math Word 55","ವಿವರಣೆ 55","Explanation 55","Example 55","Math"
"Math Word 56","ಗಣಿತ ಪದ 56","Math Word 56","ವಿವರಣೆ 56","Explanation 56","Example 56","Math"
"Math Word 57","ಗಣಿತ ಪದ 57","Math Word 57","ವಿವರಣೆ 57","Explanation 57","Example 57","Math"
"Math Word 58","ಗಣಿತ ಪದ 58","Math Word 58","ವಿವರಣೆ 58","Explanation 58","Example 58","Math"
"Math Word 59","ಗಣಿತ ಪದ 59","Math Word 59","ವಿವರಣೆ 59","Explanation 59","Example 59","Math"
"Math Word 60","ಗಣಿತ ಪದ 60","Math Word 60","ವಿವರಣೆ 60","Explanation 60","Example 60","Math"
"Math Word 61","ಗಣಿತ ಪದ 61","Math Word 61","ವಿವರಣೆ 61","Explanation 61","Example 61","Math"
"Math Word 62","ಗಣಿತ ಪದ 62","Math Word 62","ವಿವರಣೆ 62","Explanation 62","Example 62","Math"
"Math Word 63","ಗಣಿತ ಪದ 63","Math Word 63","ವಿವರಣೆ 63","Explanation 63","Example 63","Math"
"Math Word 64","ಗಣಿತ ಪದ 64","Math Word 64","ವಿವರಣೆ 64","Explanation 64","Example 64","Math"
"Math Word 65","ಗಣಿತ ಪದ 65","Math Word 65","ವಿವರಣೆ 65","Explanation 65","Example 65","Math"
"Math Word 66","ಗಣಿತ ಪದ 66","Math Word 66","ವಿವರಣೆ 66","Explanation 66","Example 66","Math"
"Math Word 67","ಗಣಿತ ಪದ 67","Math Word 67","ವಿವರಣೆ 67","Explanation 67","Example 67","Math"
"Math Word 68","ಗಣಿತ ಪದ 68","Math Word 68","ವಿವರಣೆ 68","Explanation 68","Example 68","Math"
"Math Word 69","ಗಣಿತ ಪದ 69","Math Word 69","ವಿವರಣೆ 69","Explanation 69","Example 69","Math"
"Math Word 70","ಗಣಿತ ಪದ 70","Math Word 70","ವಿವರಣೆ 70","Explanation 70","Example 70","Math"
"Math Word 71","ಗಣಿತ ಪದ 71","Math Word 71","ವಿವರಣೆ 71","Explanation 71","Example 71","Math"
"Math Word 72","ಗಣಿತ ಪದ 72","Math Word 72","ವಿವರಣೆ 72","Explanation 72","Example 72","Math"
"Math Word 73","ಗಣಿತ ಪದ 73","Math Word 73","ವಿವರಣೆ 73","Explanation 73","Example 73","Math"
"Math Word 74","ಗಣಿತ ಪದ 74","Math Word 74","ವಿವರಣೆ 74","Explanation 74","Example 74","Math"
"Math Word 75","ಗಣಿತ ಪದ 75","Math Word 75","ವಿವರಣೆ 75","Explanation 75","Example 75","Math"
"Math Word 76","ಗಣಿತ ಪದ 76","Math Word 76","ವಿವರಣೆ 76","Explanation 76","Example 76","Math"
"Math Word 77","ಗಣಿತ ಪದ 77","Math Word 77","ವಿವರಣೆ 77","Explanation 77","Example 77","Math"
"Math Word 78","ಗಣಿತ ಪದ 78","Math Word 78","ವಿವರಣೆ 78","Explanation 78","Example 78","Math"
"Math Word 79","ಗಣಿತ ಪದ 79","Math Word 79","ವಿವರಣೆ 79","Explanation 79","Example 79","Math"
"Math Word 80","ಗಣಿತ ಪದ 80","Math Word 80","ವಿವರಣೆ 80","Explanation 80","Example 80","Math"
"Math Word 81","ಗಣಿತ ಪದ 81","Math Word 81","ವಿವರಣೆ 81","Explanation 81","Example 81","Math"
"Math Word 82","ಗಣಿತ ಪದ 82","Math Word 82","ವಿವರಣೆ 82","Explanation 82","Example 82","Math"
"Math Word 83","ಗಣಿತ ಪದ 83","Math Word 83","ವಿವರಣೆ 83","Explanation 83","Example 83","Math"
"Math Word 84","ಗಣಿತ ಪದ 84","Math Word 84","ವಿವರಣೆ 84","Explanation 84","Example 84","Math"
"Math Word 85","ಗಣಿತ ಪದ 85","Math Word 85","ವಿವರಣೆ 85","Explanation 85","Example 85","Math"
"Math Word 86","ಗಣಿತ ಪದ 86","Math Word 86","ವಿವರಣೆ 86","Explanation 86","Example 86","Math"
"Math Word 87","ಗಣಿತ ಪದ 87","Math Word 87","ವಿವರಣೆ 87","Explanation 87","Example 87","Math"
"Math Word 88","ಗಣಿತ ಪದ 88","Math Word 88","ವಿವರಣೆ 88","Explanation 88","Example 88","Math"
"Math Word 89","ಗಣಿತ ಪದ 89","Math Word 89","ವಿವರಣೆ 89","Explanation 89","Example 89","Math"
"Math Word 90","ಗಣಿತ ಪದ 90","Math Word 90","ವಿವರಣೆ 90","Explanation 90","Example 90","Math"
"Math Word 91","ಗಣಿತ ಪದ 91","Math Word 91","ವಿವರಣೆ 91","Explanation 91","Example 91","Math"
"Math Word 92","ಗಣಿತ ಪದ 92","Math Word 92","ವಿವರಣೆ 92","Explanation 92","Example 92","Math"
"Math Word 93","ಗಣಿತ ಪದ 93","Math Word 93","ವಿವರಣೆ 93","Explanation 93","Example 93","Math"
"Math Word 94","ಗಣಿತ ಪದ 94","Math Word 94","ವಿವರಣೆ 94","Explanation 94","Example 94","Math"
"Math Word 95","ಗಣಿತ ಪದ 95","Math Word 95","ವಿವರಣೆ 95","Explanation 95","Example 95","Math"
"Math Word 96","ಗಣಿತ ಪದ 96","Math Word 96","ವಿವರಣೆ 96","Explanation 96","Example 96","Math"
"Math Word 97","ಗಣಿತ ಪದ 97","Math Word 97","ವಿವರಣೆ 97","Explanation 97","Example 97","Math"
"Math Word 98","ಗಣಿತ ಪದ 98","Math Word 98","ವಿವರಣೆ 98","Explanation 98","Example 98","Math"
"Math Word 99","ಗಣಿತ ಪದ 99","Math Word 99","ವಿವರಣೆ 99","Explanation 99","Example 99","Math"
"Math Word 100","ಗಣಿತ ಪದ 100","Math Word 100","ವಿವರಣೆ 100","Explanation 100","Example 100","Math"
"Math Word 101","ಗಣಿತ ಪದ 101","Math Word 101","ವಿವರಣೆ 101","Explanation 101","Example 101","Math"
"Math Word 102","ಗಣಿತ ಪದ 102","Math Word 102","ವಿವರಣೆ 102","Explanation 102","Example 102","Math"
"Math Word 103","ಗಣಿತ ಪದ 103","Math Word 103","ವಿವರಣೆ 103","Explanation 103","Example 103","Math"
"Math Word 104","ಗಣಿತ ಪದ 104","Math Word 104","ವಿವರಣೆ 104","Explanation 104","Example 104","Math"
"Math Word 105","ಗಣಿತ ಪದ 105","Math Word 105","ವಿವರಣೆ 105","Explanation 105","Example 105","Math"
"Math Word 106","ಗಣಿತ ಪದ 106","Math Word 106","ವಿವರಣೆ 106","Explanation 106","Example 106","Math"
"Math Word 107","ಗಣಿತ ಪದ 107","Math Word 107","ವಿವರಣೆ 107","Explanation 107","Example 107","Math"
"Math Word 108","ಗಣಿತ ಪದ 108","Math Word 108","ವಿವರಣೆ 108","Explanation 108","Example 108","Math"
"Math Word 109","ಗಣಿತ ಪದ 109","Math Word 109","ವಿವರಣೆ 109","Explanation 109","Example 109","Math"
"Math Word 110","ಗಣಿತ ಪದ 110","Math Word 110","ವಿವರಣೆ 110","Explanation 110","Example 110","Math"
"Math Word 111","ಗಣಿತ ಪದ 111","Math Word 111","ವಿವರಣೆ 111","Explanation 111","Example 111","Math"
"Math Word 112","ಗಣಿತ ಪದ 112","Math Word 112","ವಿವರಣೆ 112","Explanation 112","Example 112","Math"
"Math Word 113","ಗಣಿತ ಪದ 113","Math Word 113","ವಿವರಣೆ 113","Explanation 113","Example 113","Math"
"Math Word 114","ಗಣಿತ ಪದ 114","Math Word 114","ವಿವರಣೆ 114","Explanation 114","Example 114","Math"
"Math Word 115","ಗಣಿತ ಪದ 115","Math Word 115","ವಿವರಣೆ 115","Explanation 115","Example 115","Math"
"Math Word 116","ಗಣಿತ ಪದ 116","Math Word 116","ವಿವರಣೆ 116","Explanation 116","Example 116","Math"
"Math Word 117","ಗಣಿತ ಪದ 117","Math Word 117","ವಿವರಣೆ 117","Explanation 117","Example 117","Math"
"Math Word 118","ಗಣಿತ ಪದ 118","Math Word 118","ವಿವರಣೆ 118","Explanation 118","Example 118","Math"
"Math Word 119","ಗಣಿತ ಪದ 119","Math Word 119","ವಿವರಣೆ 119","Explanation 119","Example 119","Math"
"Math Word 120","ಗಣಿತ ಪದ 120","Math Word 120","ವಿವರಣೆ 120","Explanation 120","Example 120","Math"
"Math Word 121","ಗಣಿತ ಪದ 121","Math Word 121","ವಿವರಣೆ 121","Explanation 121","Example 121","Math"
"Math Word 122","ಗಣಿತ ಪದ 122","Math Word 122","ವಿವರಣೆ 122","Explanation 122","Example 122","Math"
"Math Word 123","ಗಣಿತ ಪದ 123","Math Word 123","ವಿವರಣೆ 123","Explanation 123","Example 123","Math"
"Math Word 124","ಗಣಿತ ಪದ 124","Math Word 124","ವಿವರಣೆ 124","Explanation 124","Example 124","Math"
"Math Word 125","ಗಣಿತ ಪದ 125","Math Word 125","ವಿವರಣೆ 125","Explanation 125","Example 125","Math"
"Math Word 126","ಗಣಿತ ಪದ 126","Math Word 126","ವಿವರಣೆ 126","Explanation 126","Example 126","Math"
"Math Word 127","ಗಣಿತ ಪದ 127","Math Word 127","ವಿವರಣೆ 127","Explanation 127","Example 127","Math"
"Math Word 128","ಗಣಿತ ಪದ 128","Math Word 128","ವಿವರಣೆ 128","Explanation 128","Example 128","Math"
"Math Word 129","ಗಣಿತ ಪದ 129","Math Word 129","ವಿವರಣೆ 129","Explanation 129","Example 129","Math"
"Math Word 130","ಗಣಿತ ಪದ 130","Math Word 130","ವಿವರಣೆ 130","Explanation 130","Example 130","Math"
"Math Word 131","ಗಣಿತ ಪದ 131","Math Word 131","ವಿವರಣೆ 131","Explanation 131","Example 131","Math"
"Math Word 132","ಗಣಿತ ಪದ 132","Math Word 132","ವಿವರಣೆ 132","Explanation 132","Example 132","Math"
"Math Word 133","ಗಣಿತ ಪದ 133","Math Word 133","ವಿವರಣೆ 133","Explanation 133","Example 133","Math"
"Math Word 134","ಗಣಿತ ಪದ 134","Math Word 134","ವಿವರಣೆ 134","Explanation 134","Example 134","Math"
"Math Word 135","ಗಣಿತ ಪದ 135","Math Word 135","ವಿವರಣೆ 135","Explanation 135","Example 135","Math"
"Math Word 136","ಗಣಿತ ಪದ 136","Math Word 136","ವಿವರಣೆ 136","Explanation 136","Example 136","Math"
"Math Word 137","ಗಣಿತ ಪದ 137","Math Word 137","ವಿವರಣೆ 137","Explanation 137","Example 137","Math"
"Math Word 138","ಗಣಿತ ಪದ 138","Math Word 138","ವಿವರಣೆ 138","Explanation 138","Example 138","Math"
"Math Word 139","ಗಣಿತ ಪದ 139","Math Word 139","ವಿವರಣೆ 139","Explanation 139","Example 139","Math"
"Math Word 140","ಗಣಿತ ಪದ 140","Math Word 140","ವಿವರಣೆ 140","Explanation 140","Example 140","Math"
"Math Word 141","ಗಣಿತ ಪದ 141","Math Word 141","ವಿವರಣೆ 141","Explanation 141","Example 141","Math"
"Math Word 142","ಗಣಿತ ಪದ 142","Math Word 142","ವಿವರಣೆ 142","Explanation 142","Example 142","Math"
"Math Word 143","ಗಣಿತ ಪದ 143","Math Word 143","ವಿವರಣೆ 143","Explanation 143","Example 143","Math"
"Math Word 144","ಗಣಿತ ಪದ 144","Math Word 144","ವಿವರಣೆ 144","Explanation 144","Example 144","Math"
"Math Word 145","ಗಣಿತ ಪದ 145","Math Word 145","ವಿವರಣೆ 145","Explanation 145","Example 145","Math"
"Math Word 146","ಗಣಿತ ಪದ 146","Math Word 146","ವಿವರಣೆ 146","Explanation 146","Example 146","Math"
"Math Word 147","ಗಣಿತ ಪದ 147","Math Word 147","ವಿವರಣೆ 147","Explanation 147","Example 147","Math"
"Math Word 148","ಗಣಿತ ಪದ 148","Math Word 148","ವಿವರಣೆ 148","Explanation 148","Example 148","Math"
"Math Word 149","ಗಣಿತ ಪದ 149","Math Word 149","ವಿವರಣೆ 149","Explanation 149","Example 149","Math"
"Math Word 150","ಗಣಿತ ಪದ 150","Math Word 150","ವಿವರಣೆ 150","Explanation 150","Example 150","Math"
"Math Word 151","ಗಣಿತ ಪದ 151","Math Word 151","ವಿವರಣೆ 151","Explanation 151","Example 151","Math"
"Math Word 152","ಗಣಿತ ಪದ 152","Math Word 152","ವಿವರಣೆ 152","Explanation 152","Example 152","Math"
"Math Word 153","ಗಣಿತ ಪದ 153","Math Word 153","ವಿವರಣೆ 153","Explanation 153","Example 153","Math"
"Math Word 154","ಗಣಿತ ಪದ 154","Math Word 154","ವಿವರಣೆ 154","Explanation 154","Example 154","Math"
"Math Word 155","ಗಣಿತ ಪದ 155","Math Word 155","ವಿವರಣೆ 155","Explanation 155","Example 155","Math"
"Math Word 156","ಗಣಿತ ಪದ 156","Math Word 156","ವಿವರಣೆ 156","Explanation 156","Example 156","Math"
"Math Word 157","ಗಣಿತ ಪದ 157","Math Word 157","ವಿವರಣೆ 157","Explanation 157","Example 157","Math"
"Math Word 158","ಗಣಿತ ಪದ 158","Math Word 158","ವಿವರಣೆ 158","Explanation 158","Example 158","Math"
"Math Word 159","ಗಣಿತ ಪದ 159","Math Word 159","ವಿವರಣೆ 159","Explanation 159","Example 159","Math"
"Math Word 160","ಗಣಿತ ಪದ 160","Math Word 160","ವಿವರಣೆ 160","Explanation 160","Example 160","Math"
"Math Word 161","ಗಣಿತ ಪದ 161","Math Word 161","ವಿವರಣೆ 161","Explanation 161","Example 161","Math"
"Math Word 162","ಗಣಿತ ಪದ 162","Math Word 162","ವಿವರಣೆ 162","Explanation 162","Example 162","Math"
"Math Word 163","ಗಣಿತ ಪದ 163","Math Word 163","ವಿವರಣೆ 163","Explanation 163","Example 163","Math"
"Math Word 164","ಗಣಿತ ಪದ 164","Math Word 164","ವಿವರಣೆ 164","Explanation 164","Example 164","Math"
"Math Word 165","ಗಣಿತ ಪದ 165","Math Word 165","ವಿವರಣೆ 165","Explanation 165","Example 165","Math"
"Math Word 166","ಗಣಿತ ಪದ 166","Math Word 166","ವಿವರಣೆ 166","Explanation 166","Example 166","Math"
"Math Word 167","ಗಣಿತ ಪದ 167","Math Word 167","ವಿವರಣೆ 167","Explanation 167","Example 167","Math"
"Math Word 168","ಗಣಿತ ಪದ 168","Math Word 168","ವಿವರಣೆ 168","Explanation 168","Example 168","Math"
"Math Word 169","ಗಣಿತ ಪದ 169","Math Word 169","ವಿವರಣೆ 169","Explanation 169","Example 169","Math"
"Math Word 170","ಗಣಿತ ಪದ 170","Math Word 170","ವಿವರಣೆ 170","Explanation 170","Example 170","Math"
"Math Word 171","ಗಣಿತ ಪದ 171","Math Word 171","ವಿವರಣೆ 171","Explanation 171","Example 171","Math"
"Math Word 172","ಗಣಿತ ಪದ 172","Math Word 172","ವಿವರಣೆ 172","Explanation 172","Example 172","Math"
"Math Word 173","ಗಣಿತ ಪದ 173","Math Word 173","ವಿವರಣೆ 173","Explanation 173","Example 173","Math"
"Math Word 174","ಗಣಿತ ಪದ 174","Math Word 174","ವಿವರಣೆ 174","Explanation 174","Example 174","Math"
"Math Word 175","ಗಣಿತ ಪದ 175","Math Word 175","ವಿವರಣೆ 175","Explanation 175","Example 175","Math"
"Math Word 176","ಗಣಿತ ಪದ 176","Math Word 176","ವಿವರಣೆ 176","Explanation 176","Example 176","Math"
"Math Word 177","ಗಣಿತ ಪದ 177","Math Word 177","ವಿವರಣೆ 177","Explanation 177","Example 177","Math"
"Math Word 178","ಗಣಿತ ಪದ 178","Math Word 178","ವಿವರಣೆ 178","Explanation 178","Example 178","Math"
"Math Word 179","ಗಣಿತ ಪದ 179","Math Word 179","ವಿವರಣೆ 179","Explanation 179","Example 179","Math"
"Math Word 180","ಗಣಿತ ಪದ 180","Math Word 180","ವಿವರಣೆ 180","Explanation 180","Example 180","Math"
"Math Word 181","ಗಣಿತ ಪದ 181","Math Word 181","ವಿವರಣೆ 181","Explanation 181","Example 181","Math"
"Math Word 182","ಗಣಿತ ಪದ 182","Math Word 182","ವಿವರಣೆ 182","Explanation 182","Example 182","Math"
"Math Word 183","ಗಣಿತ ಪದ 183","Math Word 183","ವಿವರಣೆ 183","Explanation 183","Example 183","Math"
"Math Word 184","ಗಣಿತ ಪದ 184","Math Word 184","ವಿವರಣೆ 184","Explanation 184","Example 184","Math"
"Math Word 185","ಗಣಿತ ಪದ 185","Math Word 185","ವಿವರಣೆ 185","Explanation 185","Example 185","Math"
"Math Word 186","ಗಣಿತ ಪದ 186","Math Word 186","ವಿವರಣೆ 186","Explanation 186","Example 186","Math"
"Math Word 187","ಗಣಿತ ಪದ 187","Math Word 187","ವಿವರಣೆ 187","Explanation 187","Example 187","Math"
"Math Word 188","ಗಣಿತ ಪದ 188","Math Word 188","ವಿವರಣೆ 188","Explanation 188","Example 188","Math"
"Math Word 189","ಗಣಿತ ಪದ 189","Math Word 189","ವಿವರಣೆ 189","Explanation 189","Example 189","Math"
"Math Word 190","ಗಣಿತ ಪದ 190","Math Word 190","ವಿವರಣೆ 190","Explanation 190","Example 190","Math"
"Math Word 191","ಗಣಿತ ಪದ 191","Math Word 191","ವಿವರಣೆ 191","Explanation 191","Example 191","Math"
"Math Word 192","ಗಣಿತ ಪದ 192","Math Word 192","ವಿವರಣೆ 192","Explanation 192","Example 192","Math"
"Math Word 193","ಗಣಿತ ಪದ 193","Math Word 193","ವಿವರಣೆ 193","Explanation 193","Example 193","Math"
"Math Word 194","ಗಣಿತ ಪದ 194","Math Word 194","ವಿವರಣೆ 194","Explanation 194","Example 194","Math"
"Math Word 195","ಗಣಿತ ಪದ 195","Math Word 195","ವಿವರಣೆ 195","Explanation 195","Example 195","Math"
"Math Word 196","ಗಣಿತ ಪದ 196","Math Word 196","ವಿವರಣೆ 196","Explanation 196","Example 196","Math"
"Math Word 197","ಗಣಿತ ಪದ 197","Math Word 197","ವಿವರಣೆ 197","Explanation 197","Example 197","Math"
"Math Word 198","ಗಣಿತ ಪದ 198","Math Word 198","ವಿವರಣೆ 198","Explanation 198","Example 198","Math"
"Math Word 199","ಗಣಿತ ಪದ 199","Math Word 199","ವಿವರಣೆ 199","Explanation 199","Example 199","Math"
"Math Word 200","ಗಣಿತ ಪದ 200","Math Word 200","ವಿವರಣೆ 200","Explanation 200","Example 200","Math"
"Inflation","ಹಣದುಬ್ಬರ","Inflation","ಬೆಲೆ ಏರಿಕೆ.","Price increase.","Inflation affects costs.","Commerce"
"Liability","ಹೊಣೆಗಾರಿಕೆ","Liability","ಸಾಲ.","Money owed.","Loan is a liability.","Commerce"
"Asset","ಆಸ್ತಿ","Asset","ಮೌಲ್ಯವಿರುವ ವಸ್ತು.","Owned value.","Cash is an asset.","Commerce"
"Shares","ಷೇರುಗಳು","Shares","ಕಂಪನಿಯ ಭಾಗ.","Stock units.","Buying shares.","Commerce"
"Dividend","ಲಾಭಾಂಶ","Dividend","ಲಾಭದ ಭಾಗ.","Profit share.","Receive dividends.","Commerce"
"Marketing","ಮಾರಾಟ ಪ್ರಕ್ರಿಯೆ","Marketing","ಗ್ರಾಹಕರ ಸೆಳೆಯುವುದು.","Selling activities.","Marketing strategy.","Commerce"
"Market","ಮಾರುಕಟ್ಟೆ","Market","ವ್ಯಾಪಾರ ಸ್ಥಳ.","Trading place.","Stock market.","Commerce"
"Demand","ಬೇಡಿಕೆ","Demand","ಕೊಳ್ಳುವ ಆಸೆ.","Buyer desire.","High demand.","Commerce"
"Supply","ಪೂರೈಕೆ","Supply","ಸರಕು ನೀಡಿಕೆ.","Seller amount.","Supply chain.","Commerce"
"Consumer","ಗ್ರಾಹಕ","Consumer","ಬಳಕೆದಾರ.","Buyer.","Protect consumers.","Commerce"
"Management","ನಿರ್ವಹಣೆ","Management","ಕೆಲಸದ ಯೋಜನೆ.","Organizing work.","Good management.","Commerce"
"Bank","ಬ್ಯಾಂಕ್","Bank","ಹಣಕಾಸು ಸಂಸ್ಥೆ.","Money store.","Save in bank.","Commerce"
"Interest","ಬಡ್ಡಿ","Interest","ಹೆಚ್ಚುವರಿ ಹಣ.","Money cost.","Pay interest.","Commerce"
"Loan","ಸಾಲ","Loan","ಉದ್ರಿ.","Borrowed money.","Bank loan.","Commerce"
"Tax","ತೆರಿಗೆ","Tax","ಸರ್ಕಾರದ ಹಣ.","Government levy.","Pay income tax.","Commerce"
"Investment","ಹೂಡಿಕೆ","Investment","ಹಣ ತೊಡಗಿಸುವುದು.","Capital spend.","Long-term investment.","Commerce"
"Budget","ಬಜೆಟ್","Budget","ಆದಾಯ-ವೆಚ್ಚದ ಪಟ್ಟಿ.","Financial plan.","Annual budget.","Commerce"
"Audit","ಲೆಕ್ಕ ಪರಿಶೋಧನೆ","Audit","ಲೆಕ್ಕ ತಪಾಸಣೆ.","Examining accounts.","Conduct an audit.","Commerce"
"Capital","ಬಂಡವಾಳ","Capital","ಆರಂಭಿಕ ಹಣ.","Business funds.","Need capital.","Commerce"
"Revenue","ಆದಾಯ","Revenue","ಒಟ್ಟು ಸಂಪಾದನೆ.","Total income.","Increase revenue.","Commerce"
"Commerce Word 21","ವಾಣಿಜ್ಯ ಪದ 21","Commerce Word 21","ವಿವರಣೆ 21","Explanation 21","Example 21","Commerce"
"Commerce Word 22","ವಾಣಿಜ್ಯ ಪದ 22","Commerce Word 22","ವಿವರಣೆ 22","Explanation 22","Example 22","Commerce"
"Commerce Word 23","ವಾಣಿಜ್ಯ ಪದ 23","Commerce Word 23","ವಿವರಣೆ 23","Explanation 23","Example 23","Commerce"
"Commerce Word 24","ವಾಣಿಜ್ಯ ಪದ 24","Commerce Word 24","ವಿವರಣೆ 24","Explanation 24","Example 24","Commerce"
"Commerce Word 25","ವಾಣಿಜ್ಯ ಪದ 25","Commerce Word 25","ವಿವರಣೆ 25","Explanation 25","Example 25","Commerce"
"Commerce Word 26","ವಾಣಿಜ್ಯ ಪದ 26","Commerce Word 26","ವಿವರಣೆ 26","Explanation 26","Example 26","Commerce"
"Commerce Word 27","ವಾಣಿಜ್ಯ ಪದ 27","Commerce Word 27","ವಿವರಣೆ 27","Explanation 27","Example 27","Commerce"
"Commerce Word 28","ವಾಣಿಜ್ಯ ಪದ 28","Commerce Word 28","ವಿವರಣೆ 28","Explanation 28","Example 28","Commerce"
"Commerce Word 29","ವಾಣಿಜ್ಯ ಪದ 29","Commerce Word 29","ವಿವರಣೆ 29","Explanation 29","Example 29","Commerce"
"Commerce Word 30","ವಾಣಿಜ್ಯ ಪದ 30","Commerce Word 30","ವಿವರಣೆ 30","Explanation 30","Example 30","Commerce"
"Commerce Word 31","ವಾಣಿಜ್ಯ ಪದ 31","Commerce Word 31","ವಿವರಣೆ 31","Explanation 31","Example 31","Commerce"
"Commerce Word 32","ವಾಣಿಜ್ಯ ಪದ 32","Commerce Word 32","ವಿವರಣೆ 32","Explanation 32","Example 32","Commerce"
"Commerce Word 33","ವಾಣಿಜ್ಯ ಪದ 33","Commerce Word 33","ವಿವರಣೆ 33","Explanation 33","Example 33","Commerce"
"Commerce Word 34","ವಾಣಿಜ್ಯ ಪದ 34","Commerce Word 34","ವಿವರಣೆ 34","Explanation 34","Example 34","Commerce"
"Commerce Word 35","ವಾಣಿಜ್ಯ ಪದ 35","Commerce Word 35","ವಿವರಣೆ 35","Explanation 35","Example 35","Commerce"
"Commerce Word 36","ವಾಣಿಜ್ಯ ಪದ 36","Commerce Word 36","ವಿವರಣೆ 36","Explanation 36","Example 36","Commerce"
"Commerce Word 37","ವಾಣಿಜ್ಯ ಪದ 37","Commerce Word 37","ವಿವರಣೆ 37","Explanation 37","Example 37","Commerce"
"Commerce Word 38","ವಾಣಿಜ್ಯ ಪದ 38","Commerce Word 38","ವಿವರಣೆ 38","Explanation 38","Example 38","Commerce"
"Commerce Word 39","ವಾಣಿಜ್ಯ ಪದ 39","Commerce Word 39","ವಿವರಣೆ 39","Explanation 39","Example 39","Commerce"
"Commerce Word 40","ವಾಣಿಜ್ಯ ಪದ 40","Commerce Word 40","ವಿವರಣೆ 40","Explanation 40","Example 40","Commerce"
"Commerce Word 41","ವಾಣಿಜ್ಯ ಪದ 41","Commerce Word 41","ವಿವರಣೆ 41","Explanation 41","Example 41","Commerce"
"Commerce Word 42","ವಾಣಿಜ್ಯ ಪದ 42","Commerce Word 42","ವಿವರಣೆ 42","Explanation 42","Example 42","Commerce"
"Commerce Word 43","ವಾಣಿಜ್ಯ ಪದ 43","Commerce Word 43","ವಿವರಣೆ 43","Explanation 43","Example 43","Commerce"
"Commerce Word 44","ವಾಣಿಜ್ಯ ಪದ 44","Commerce Word 44","ವಿವರಣೆ 44","Explanation 44","Example 44","Commerce"
"Commerce Word 45","ವಾಣಿಜ್ಯ ಪದ 45","Commerce Word 45","ವಿವರಣೆ 45","Explanation 45","Example 45","Commerce"
"Commerce Word 46","ವಾಣಿಜ್ಯ ಪದ 46","Commerce Word 46","ವಿವರಣೆ 46","Explanation 46","Example 46","Commerce"
"Commerce Word 47","ವಾಣಿಜ್ಯ ಪದ 47","Commerce Word 47","ವಿವರಣೆ 47","Explanation 47","Example 47","Commerce"
"Commerce Word 48","ವಾಣಿಜ್ಯ ಪದ 48","Commerce Word 48","ವಿವರಣೆ 48","Explanation 48","Example 48","Commerce"
"Commerce Word 49","ವಾಣಿಜ್ಯ ಪದ 49","Commerce Word 49","ವಿವರಣೆ 49","Explanation 49","Example 49","Commerce"
"Commerce Word 50","ವಾಣಿಜ್ಯ ಪದ 50","Commerce Word 50","ವಿವರಣೆ 50","Explanation 50","Example 50","Commerce"
"Commerce Word 51","ವಾಣಿಜ್ಯ ಪದ 51","Commerce Word 51","ವಿವರಣೆ 51","Explanation 51","Example 51","Commerce"
"Commerce Word 52","ವಾಣಿಜ್ಯ ಪದ 52","Commerce Word 52","ವಿವರಣೆ 52","Explanation 52","Example 52","Commerce"
"Commerce Word 53","ವಾಣಿಜ್ಯ ಪದ 53","Commerce Word 53","ವಿವರಣೆ 53","Explanation 53","Example 53","Commerce"
"Commerce Word 54","ವಾಣಿಜ್ಯ ಪದ 54","Commerce Word 54","ವಿವರಣೆ 54","Explanation 54","Example 54","Commerce"
"Commerce Word 55","ವಾಣಿಜ್ಯ ಪದ 55","Commerce Word 55","ವಿವರಣೆ 55","Explanation 55","Example 55","Commerce"
"Commerce Word 56","ವಾಣಿಜ್ಯ ಪದ 56","Commerce Word 56","ವಿವರಣೆ 56","Explanation 56","Example 56","Commerce"
"Commerce Word 57","ವಾಣಿಜ್ಯ ಪದ 57","Commerce Word 57","ವಿವರಣೆ 57","Explanation 57","Example 57","Commerce"
"Commerce Word 58","ವಾಣಿಜ್ಯ ಪದ 58","Commerce Word 58","ವಿವರಣೆ 58","Explanation 58","Example 58","Commerce"
"Commerce Word 59","ವಾಣಿಜ್ಯ ಪದ 59","Commerce Word 59","ವಿವರಣೆ 59","Explanation 59","Example 59","Commerce"
"Commerce Word 60","ವಾಣಿಜ್ಯ ಪದ 60","Commerce Word 60","ವಿವರಣೆ 60","Explanation 60","Example 60","Commerce"
"Commerce Word 61","ವಾಣಿಜ್ಯ ಪದ 61","Commerce Word 61","ವಿವರಣೆ 61","Explanation 61","Example 61","Commerce"
"Commerce Word 62","ವಾಣಿಜ್ಯ ಪದ 62","Commerce Word 62","ವಿವರಣೆ 62","Explanation 62","Example 62","Commerce"
"Commerce Word 63","ವಾಣಿಜ್ಯ ಪದ 63","Commerce Word 63","ವಿವರಣೆ 63","Explanation 63","Example 63","Commerce"
"Commerce Word 64","ವಾಣಿಜ್ಯ ಪದ 64","Commerce Word 64","ವಿವರಣೆ 64","Explanation 64","Example 64","Commerce"
"Commerce Word 65","ವಾಣಿಜ್ಯ ಪದ 65","Commerce Word 65","ವಿವರಣೆ 65","Explanation 65","Example 65","Commerce"
"Commerce Word 66","ವಾಣಿಜ್ಯ ಪದ 66","Commerce Word 66","ವಿವರಣೆ 66","Explanation 66","Example 66","Commerce"
"Commerce Word 67","ವಾಣಿಜ್ಯ ಪದ 67","Commerce Word 67","ವಿವರಣೆ 67","Explanation 67","Example 67","Commerce"
"Commerce Word 68","ವಾಣಿಜ್ಯ ಪದ 68","Commerce Word 68","ವಿವರಣೆ 68","Explanation 68","Example 68","Commerce"
"Commerce Word 69","ವಾಣಿಜ್ಯ ಪದ 69","Commerce Word 69","ವಿವರಣೆ 69","Explanation 69","Example 69","Commerce"
"Commerce Word 70","ವಾಣಿಜ್ಯ ಪದ 70","Commerce Word 70","ವಿವರಣೆ 70","Explanation 70","Example 70","Commerce"
"Commerce Word 71","ವಾಣಿಜ್ಯ ಪದ 71","Commerce Word 71","ವಿವರಣೆ 71","Explanation 71","Example 71","Commerce"
"Commerce Word 72","ವಾಣಿಜ್ಯ ಪದ 72","Commerce Word 72","ವಿವರಣೆ 72","Explanation 72","Example 72","Commerce"
"Commerce Word 73","ವಾಣಿಜ್ಯ ಪದ 73","Commerce Word 73","ವಿವರಣೆ 73","Explanation 73","Example 73","Commerce"
"Commerce Word 74","ವಾಣಿಜ್ಯ ಪದ 74","Commerce Word 74","ವಿವರಣೆ 74","Explanation 74","Example 74","Commerce"
"Commerce Word 75","ವಾಣಿಜ್ಯ ಪದ 75","Commerce Word 75","ವಿವರಣೆ 75","Explanation 75","Example 75","Commerce"
"Commerce Word 76","ವಾಣಿಜ್ಯ ಪದ 76","Commerce Word 76","ವಿವರಣೆ 76","Explanation 76","Example 76","Commerce"
"Commerce Word 77","ವಾಣಿಜ್ಯ ಪದ 77","Commerce Word 77","ವಿವರಣೆ 77","Explanation 77","Example 77","Commerce"
"Commerce Word 78","ವಾಣಿಜ್ಯ ಪದ 78","Commerce Word 78","ವಿವರಣೆ 78","Explanation 78","Example 78","Commerce"
"Commerce Word 79","ವಾಣಿಜ್ಯ ಪದ 79","Commerce Word 79","ವಿವರಣೆ 79","Explanation 79","Example 79","Commerce"
"Commerce Word 80","ವಾಣಿಜ್ಯ ಪದ 80","Commerce Word 80","ವಿವರಣೆ 80","Explanation 80","Example 80","Commerce"
"Commerce Word 81","ವಾಣಿಜ್ಯ ಪದ 81","Commerce Word 81","ವಿವರಣೆ 81","Explanation 81","Example 81","Commerce"
"Commerce Word 82","ವಾಣಿಜ್ಯ ಪದ 82","Commerce Word 82","ವಿವರಣೆ 82","Explanation 82","Example 82","Commerce"
"Commerce Word 83","ವಾಣಿಜ್ಯ ಪದ 83","Commerce Word 83","ವಿವರಣೆ 83","Explanation 83","Example 83","Commerce"
"Commerce Word 84","ವಾಣಿಜ್ಯ ಪದ 84","Commerce Word 84","ವಿವರಣೆ 84","Explanation 84","Example 84","Commerce"
"Commerce Word 85","ವಾಣಿಜ್ಯ ಪದ 85","Commerce Word 85","ವಿವರಣೆ 85","Explanation 85","Example 85","Commerce"
"Commerce Word 86","ವಾಣಿಜ್ಯ ಪದ 86","Commerce Word 86","ವಿವರಣೆ 86","Explanation 86","Example 86","Commerce"
"Commerce Word 87","ವಾಣಿಜ್ಯ ಪದ 87","Commerce Word 87","ವಿವರಣೆ 87","Explanation 87","Example 87","Commerce"
"Commerce Word 88","ವಾಣಿಜ್ಯ ಪದ 88","Commerce Word 88","ವಿವರಣೆ 88","Explanation 88","Example 88","Commerce"
"Commerce Word 89","ವಾಣಿಜ್ಯ ಪದ 89","Commerce Word 89","ವಿವರಣೆ 89","Explanation 89","Example 89","Commerce"
"Commerce Word 90","ವಾಣಿಜ್ಯ ಪದ 90","Commerce Word 90","ವಿವರಣೆ 90","Explanation 90","Example 90","Commerce"
"Commerce Word 91","ವಾಣಿಜ್ಯ ಪದ 91","Commerce Word 91","ವಿವರಣೆ 91","Explanation 91","Example 91","Commerce"
"Commerce Word 92","ವಾಣಿಜ್ಯ ಪದ 92","Commerce Word 92","ವಿವರಣೆ 92","Explanation 92","Example 92","Commerce"
"Commerce Word 93","ವಾಣಿಜ್ಯ ಪದ 93","Commerce Word 93","ವಿವರಣೆ 93","Explanation 93","Example 93","Commerce"
"Commerce Word 94","ವಾಣಿಜ್ಯ ಪದ 94","Commerce Word 94","ವಿವರಣೆ 94","Explanation 94","Example 94","Commerce"
"Commerce Word 95","ವಾಣಿಜ್ಯ ಪದ 95","Commerce Word 95","ವಿವರಣೆ 95","Explanation 95","Example 95","Commerce"
"Commerce Word 96","ವಾಣಿಜ್ಯ ಪದ 96","Commerce Word 96","ವಿವರಣೆ 96","Explanation 96","Example 96","Commerce"
"Commerce Word 97","ವಾಣಿಜ್ಯ ಪದ 97","Commerce Word 97","ವಿವರಣೆ 97","Explanation 97","Example 97","Commerce"
"Commerce Word 98","ವಾಣಿಜ್ಯ ಪದ 98","Commerce Word 98","ವಿವರಣೆ 98","Explanation 98","Example 98","Commerce"
"Commerce Word 99","ವಾಣಿಜ್ಯ ಪದ 99","Commerce Word 99","ವಿವರಣೆ 99","Explanation 99","Example 99","Commerce"
"Commerce Word 100","ವಾಣಿಜ್ಯ ಪದ 100","Commerce Word 100","ವಿವರಣೆ 100","Explanation 100","Example 100","Commerce"
"Commerce Word 101","ವಾಣಿಜ್ಯ ಪದ 101","Commerce Word 101","ವಿವರಣೆ 101","Explanation 101","Example 101","Commerce"
"Commerce Word 102","ವಾಣಿಜ್ಯ ಪದ 102","Commerce Word 102","ವಿವರಣೆ 102","Explanation 102","Example 102","Commerce"
"Commerce Word 103","ವಾಣಿಜ್ಯ ಪದ 103","Commerce Word 103","ವಿವರಣೆ 103","Explanation 103","Example 103","Commerce"
"Commerce Word 104","ವಾಣಿಜ್ಯ ಪದ 104","Commerce Word 104","ವಿವರಣೆ 104","Explanation 104","Example 104","Commerce"
"Commerce Word 105","ವಾಣಿಜ್ಯ ಪದ 105","Commerce Word 105","ವಿವರಣೆ 105","Explanation 105","Example 105","Commerce"
"Commerce Word 106","ವಾಣಿಜ್ಯ ಪದ 106","Commerce Word 106","ವಿವರಣೆ 106","Explanation 106","Example 106","Commerce"
"Commerce Word 107","ವಾಣಿಜ್ಯ ಪದ 107","Commerce Word 107","ವಿವರಣೆ 107","Explanation 107","Example 107","Commerce"
"Commerce Word 108","ವಾಣಿಜ್ಯ ಪದ 108","Commerce Word 108","ವಿವರಣೆ 108","Explanation 108","Example 108","Commerce"
"Commerce Word 109","ವಾಣಿಜ್ಯ ಪದ 109","Commerce Word 109","ವಿವರಣೆ 109","Explanation 109","Example 109","Commerce"
"Commerce Word 110","ವಾಣಿಜ್ಯ ಪದ 110","Commerce Word 110","ವಿವರಣೆ 110","Explanation 110","Example 110","Commerce"
"Commerce Word 111","ವಾಣಿಜ್ಯ ಪದ 111","Commerce Word 111","ವಿವರಣೆ 111","Explanation 111","Example 111","Commerce"
"Commerce Word 112","ವಾಣಿಜ್ಯ ಪದ 112","Commerce Word 112","ವಿವರಣೆ 112","Explanation 112","Example 112","Commerce"
"Commerce Word 113","ವಾಣಿಜ್ಯ ಪದ 113","Commerce Word 113","ವಿವರಣೆ 113","Explanation 113","Example 113","Commerce"
"Commerce Word 114","ವಾಣಿಜ್ಯ ಪದ 114","Commerce Word 114","ವಿವರಣೆ 114","Explanation 114","Example 114","Commerce"
"Commerce Word 115","ವಾಣಿಜ್ಯ ಪದ 115","Commerce Word 115","ವಿವರಣೆ 115","Explanation 115","Example 115","Commerce"
"Commerce Word 116","ವಾಣಿಜ್ಯ ಪದ 116","Commerce Word 116","ವಿವರಣೆ 116","Explanation 116","Example 116","Commerce"
"Commerce Word 117","ವಾಣಿಜ್ಯ ಪದ 117","Commerce Word 117","ವಿವರಣೆ 117","Explanation 117","Example 117","Commerce"
"Commerce Word 118","ವಾಣಿಜ್ಯ ಪದ 118","Commerce Word 118","ವಿವರಣೆ 118","Explanation 118","Example 118","Commerce"
"Commerce Word 119","ವಾಣಿಜ್ಯ ಪದ 119","Commerce Word 119","ವಿವರಣೆ 119","Explanation 119","Example 119","Commerce"
"Commerce Word 120","ವಾಣಿಜ್ಯ ಪದ 120","Commerce Word 120","ವಿವರಣೆ 120","Explanation 120","Example 120","Commerce"
"Commerce Word 121","ವಾಣಿಜ್ಯ ಪದ 121","Commerce Word 121","ವಿವರಣೆ 121","Explanation 121","Example 121","Commerce"
"Commerce Word 122","ವಾಣಿಜ್ಯ ಪದ 122","Commerce Word 122","ವಿವರಣೆ 122","Explanation 122","Example 122","Commerce"
"Commerce Word 123","ವಾಣಿಜ್ಯ ಪದ 123","Commerce Word 123","ವಿವರಣೆ 123","Explanation 123","Example 123","Commerce"
"Commerce Word 124","ವಾಣಿಜ್ಯ ಪದ 124","Commerce Word 124","ವಿವರಣೆ 124","Explanation 124","Example 124","Commerce"
"Commerce Word 125","ವಾಣಿಜ್ಯ ಪದ 125","Commerce Word 125","ವಿವರಣೆ 125","Explanation 125","Example 125","Commerce"
"Commerce Word 126","ವಾಣಿಜ್ಯ ಪದ 126","Commerce Word 126","ವಿವರಣೆ 126","Explanation 126","Example 126","Commerce"
"Commerce Word 127","ವಾಣಿಜ್ಯ ಪದ 127","Commerce Word 127","ವಿವರಣೆ 127","Explanation 127","Example 127","Commerce"
"Commerce Word 128","ವಾಣಿಜ್ಯ ಪದ 128","Commerce Word 128","ವಿವರಣೆ 128","Explanation 128","Example 128","Commerce"
"Commerce Word 129","ವಾಣಿಜ್ಯ ಪದ 129","Commerce Word 129","ವಿವರಣೆ 129","Explanation 129","Example 129","Commerce"
"Commerce Word 130","ವಾಣಿಜ್ಯ ಪದ 130","Commerce Word 130","ವಿವರಣೆ 130","Explanation 130","Example 130","Commerce"
"Commerce Word 131","ವಾಣಿಜ್ಯ ಪದ 131","Commerce Word 131","ವಿವರಣೆ 131","Explanation 131","Example 131","Commerce"
"Commerce Word 132","ವಾಣಿಜ್ಯ ಪದ 132","Commerce Word 132","ವಿವರಣೆ 132","Explanation 132","Example 132","Commerce"
"Commerce Word 133","ವಾಣಿಜ್ಯ ಪದ 133","Commerce Word 133","ವಿವರಣೆ 133","Explanation 133","Example 133","Commerce"
"Commerce Word 134","ವಾಣಿಜ್ಯ ಪದ 134","Commerce Word 134","ವಿವರಣೆ 134","Explanation 134","Example 134","Commerce"
"Commerce Word 135","ವಾಣಿಜ್ಯ ಪದ 135","Commerce Word 135","ವಿವರಣೆ 135","Explanation 135","Example 135","Commerce"
"Commerce Word 136","ವಾಣಿಜ್ಯ ಪದ 136","Commerce Word 136","ವಿವರಣೆ 136","Explanation 136","Example 136","Commerce"
"Commerce Word 137","ವಾಣಿಜ್ಯ ಪದ 137","Commerce Word 137","ವಿವರಣೆ 137","Explanation 137","Example 137","Commerce"
"Commerce Word 138","ವಾಣಿಜ್ಯ ಪದ 138","Commerce Word 138","ವಿವರಣೆ 138","Explanation 138","Example 138","Commerce"
"Commerce Word 139","ವಾಣಿಜ್ಯ ಪದ 139","Commerce Word 139","ವಿವರಣೆ 139","Explanation 139","Example 139","Commerce"
"Commerce Word 140","ವಾಣಿಜ್ಯ ಪದ 140","Commerce Word 140","ವಿವರಣೆ 140","Explanation 140","Example 140","Commerce"
"Commerce Word 141","ವಾಣಿಜ್ಯ ಪದ 141","Commerce Word 141","ವಿವರಣೆ 141","Explanation 141","Example 141","Commerce"
"Commerce Word 142","ವಾಣಿಜ್ಯ ಪದ 142","Commerce Word 142","ವಿವರಣೆ 142","Explanation 142","Example 142","Commerce"
"Commerce Word 143","ವಾಣಿಜ್ಯ ಪದ 143","Commerce Word 143","ವಿವರಣೆ 143","Explanation 143","Example 143","Commerce"
"Commerce Word 144","ವಾಣಿಜ್ಯ ಪದ 144","Commerce Word 144","ವಿವರಣೆ 144","Explanation 144","Example 144","Commerce"
"Commerce Word 145","ವಾಣಿಜ್ಯ ಪದ 145","Commerce Word 145","ವಿವರಣೆ 145","Explanation 145","Example 145","Commerce"
"Commerce Word 146","ವಾಣಿಜ್ಯ ಪದ 146","Commerce Word 146","ವಿವರಣೆ 146","Explanation 146","Example 146","Commerce"
"Commerce Word 147","ವಾಣಿಜ್ಯ ಪದ 147","Commerce Word 147","ವಿವರಣೆ 147","Explanation 147","Example 147","Commerce"
"Commerce Word 148","ವಾಣಿಜ್ಯ ಪದ 148","Commerce Word 148","ವಿವರಣೆ 148","Explanation 148","Example 148","Commerce"
"Commerce Word 149","ವಾಣಿಜ್ಯ ಪದ 149","Commerce Word 149","ವಿವರಣೆ 149","Explanation 149","Example 149","Commerce"
"Commerce Word 150","ವಾಣಿಜ್ಯ ಪದ 150","Commerce Word 150","ವಿವರಣೆ 150","Explanation 150","Example 150","Commerce"
"Commerce Word 151","ವಾಣಿಜ್ಯ ಪದ 151","Commerce Word 151","ವಿವರಣೆ 151","Explanation 151","Example 151","Commerce"
"Commerce Word 152","ವಾಣಿಜ್ಯ ಪದ 152","Commerce Word 152","ವಿವರಣೆ 152","Explanation 152","Example 152","Commerce"
"Commerce Word 153","ವಾಣಿಜ್ಯ ಪದ 153","Commerce Word 153","ವಿವರಣೆ 153","Explanation 153","Example 153","Commerce"
"Commerce Word 154","ವಾಣಿಜ್ಯ ಪದ 154","Commerce Word 154","ವಿವರಣೆ 154","Explanation 154","Example 154","Commerce"
"Commerce Word 155","ವಾಣಿಜ್ಯ ಪದ 155","Commerce Word 155","ವಿವರಣೆ 155","Explanation 155","Example 155","Commerce"
"Commerce Word 156","ವಾಣಿಜ್ಯ ಪದ 156","Commerce Word 156","ವಿವರಣೆ 156","Explanation 156","Example 156","Commerce"
"Commerce Word 157","ವಾಣಿಜ್ಯ ಪದ 157","Commerce Word 157","ವಿವರಣೆ 157","Explanation 157","Example 157","Commerce"
"Commerce Word 158","ವಾಣಿಜ್ಯ ಪದ 158","Commerce Word 158","ವಿವರಣೆ 158","Explanation 158","Example 158","Commerce"
"Commerce Word 159","ವಾಣಿಜ್ಯ ಪದ 159","Commerce Word 159","ವಿವರಣೆ 159","Explanation 159","Example 159","Commerce"
"Commerce Word 160","ವಾಣಿಜ್ಯ ಪದ 160","Commerce Word 160","ವಿವರಣೆ 160","Explanation 160","Example 160","Commerce"
"Commerce Word 161","ವಾಣಿಜ್ಯ ಪದ 161","Commerce Word 161","ವಿವರಣೆ 161","Explanation 161","Example 161","Commerce"
"Commerce Word 162","ವಾಣಿಜ್ಯ ಪದ 162","Commerce Word 162","ವಿವರಣೆ 162","Explanation 162","Example 162","Commerce"
"Commerce Word 163","ವಾಣಿಜ್ಯ ಪದ 163","Commerce Word 163","ವಿವರಣೆ 163","Explanation 163","Example 163","Commerce"
"Commerce Word 164","ವಾಣಿಜ್ಯ ಪದ 164","Commerce Word 164","ವಿವರಣೆ 164","Explanation 164","Example 164","Commerce"
"Commerce Word 165","ವಾಣಿಜ್ಯ ಪದ 165","Commerce Word 165","ವಿವರಣೆ 165","Explanation 165","Example 165","Commerce"
"Commerce Word 166","ವಾಣಿಜ್ಯ ಪದ 166","Commerce Word 166","ವಿವರಣೆ 166","Explanation 166","Example 166","Commerce"
"Commerce Word 167","ವಾಣಿಜ್ಯ ಪದ 167","Commerce Word 167","ವಿವರಣೆ 167","Explanation 167","Example 167","Commerce"
"Commerce Word 168","ವಾಣಿಜ್ಯ ಪದ 168","Commerce Word 168","ವಿವರಣೆ 168","Explanation 168","Example 168","Commerce"
"Commerce Word 169","ವಾಣಿಜ್ಯ ಪದ 169","Commerce Word 169","ವಿವರಣೆ 169","Explanation 169","Example 169","Commerce"
"Commerce Word 170","ವಾಣಿಜ್ಯ ಪದ 170","Commerce Word 170","ವಿವರಣೆ 170","Explanation 170","Example 170","Commerce"
"Commerce Word 171","ವಾಣಿಜ್ಯ ಪದ 171","Commerce Word 171","ವಿವರಣೆ 171","Explanation 171","Example 171","Commerce"
"Commerce Word 172","ವಾಣಿಜ್ಯ ಪದ 172","Commerce Word 172","ವಿವರಣೆ 172","Explanation 172","Example 172","Commerce"
"Commerce Word 173","ವಾಣಿಜ್ಯ ಪದ 173","Commerce Word 173","ವಿವರಣೆ 173","Explanation 173","Example 173","Commerce"
"Commerce Word 174","ವಾಣಿಜ್ಯ ಪದ 174","Commerce Word 174","ವಿವರಣೆ 174","Explanation 174","Example 174","Commerce"
"Commerce Word 175","ವಾಣಿಜ್ಯ ಪದ 175","Commerce Word 175","ವಿವರಣೆ 175","Explanation 175","Example 175","Commerce"
"Commerce Word 176","ವಾಣಿಜ್ಯ ಪದ 176","Commerce Word 176","ವಿವರಣೆ 176","Explanation 176","Example 176","Commerce"
"Commerce Word 177","ವಾಣಿಜ್ಯ ಪದ 177","Commerce Word 177","ವಿವರಣೆ 177","Explanation 177","Example 177","Commerce"
"Commerce Word 178","ವಾಣಿಜ್ಯ ಪದ 178","Commerce Word 178","ವಿವರಣೆ 178","Explanation 178","Example 178","Commerce"
"Commerce Word 179","ವಾಣಿಜ್ಯ ಪದ 179","Commerce Word 179","ವಿವರಣೆ 179","Explanation 179","Example 179","Commerce"
"Commerce Word 180","ವಾಣಿಜ್ಯ ಪದ 180","Commerce Word 180","ವಿವರಣೆ 180","Explanation 180","Example 180","Commerce"
"Commerce Word 181","ವಾಣಿಜ್ಯ ಪದ 181","Commerce Word 181","ವಿವರಣೆ 181","Explanation 181","Example 181","Commerce"
"Commerce Word 182","ವಾಣಿಜ್ಯ ಪದ 182","Commerce Word 182","ವಿವರಣೆ 182","Explanation 182","Example 182","Commerce"
"Commerce Word 183","ವಾಣಿಜ್ಯ ಪದ 183","Commerce Word 183","ವಿವರಣೆ 183","Explanation 183","Example 183","Commerce"
"Commerce Word 184","ವಾಣಿಜ್ಯ ಪದ 184","Commerce Word 184","ವಿವರಣೆ 184","Explanation 184","Example 184","Commerce"
"Commerce Word 185","ವಾಣಿಜ್ಯ ಪದ 185","Commerce Word 185","ವಿವರಣೆ 185","Explanation 185","Example 185","Commerce"
"Commerce Word 186","ವಾಣಿಜ್ಯ ಪದ 186","Commerce Word 186","ವಿವರಣೆ 186","Explanation 186","Example 186","Commerce"
"Commerce Word 187","ವಾಣಿಜ್ಯ ಪದ 187","Commerce Word 187","ವಿವರಣೆ 187","Explanation 187","Example 187","Commerce"
"Commerce Word 188","ವಾಣಿಜ್ಯ ಪದ 188","Commerce Word 188","ವಿವರಣೆ 188","Explanation 188","Example 188","Commerce"
"Commerce Word 189","ವಾಣಿಜ್ಯ ಪದ 189","Commerce Word 189","ವಿವರಣೆ 189","Explanation 189","Example 189","Commerce"
"Commerce Word 190","ವಾಣಿಜ್ಯ ಪದ 190","Commerce Word 190","ವಿವರಣೆ 190","Explanation 190","Example 190","Commerce"
"Commerce Word 191","ವಾಣಿಜ್ಯ ಪದ 191","Commerce Word 191","ವಿವರಣೆ 191","Explanation 191","Example 191","Commerce"
"Commerce Word 192","ವಾಣಿಜ್ಯ ಪದ 192","Commerce Word 192","ವಿವರಣೆ 192","Explanation 192","Example 192","Commerce"
"Commerce Word 193","ವಾಣಿಜ್ಯ ಪದ 193","Commerce Word 193","ವಿವರಣೆ 193","Explanation 193","Example 193","Commerce"
"Commerce Word 194","ವಾಣಿಜ್ಯ ಪದ 194","Commerce Word 194","ವಿವರಣೆ 194","Explanation 194","Example 194","Commerce"
"Commerce Word 195","ವಾಣಿಜ್ಯ ಪದ 195","Commerce Word 195","ವಿವರಣೆ 195","Explanation 195","Example 195","Commerce"
"Commerce Word 196","ವಾಣಿಜ್ಯ ಪದ 196","Commerce Word 196","ವಿವರಣೆ 196","Explanation 196","Example 196","Commerce"
"Commerce Word 197","ವಾಣಿಜ್ಯ ಪದ 197","Commerce Word 197","ವಿವರಣೆ 197","Explanation 197","Example 197","Commerce"
"Commerce Word 198","ವಾಣಿಜ್ಯ ಪದ 198","Commerce Word 198","ವಿವರಣೆ 198","Explanation 198","Example 198","Commerce"
"Commerce Word 199","ವಾಣಿಜ್ಯ ಪದ 199","Commerce Word 199","ವಿವರಣೆ 199","Explanation 199","Example 199","Commerce"
"Commerce Word 200","ವಾಣಿಜ್ಯ ಪದ 200","Commerce Word 200","ವಿವರಣೆ 200","Explanation 200","Example 200","Commerce"
